,Job_Step_1,Job_Step_2,Job_1,Job_2,Cost
0,01-01-01-01-01,01-01-01-01-02,SN,SN,0.0
1,01-01-01-01-01,01-01-01-01-03,SN,SN,50.0
2,01-01-01-01-01,01-01-01-01-04,SN,SN,100.0
3,01-01-01-01-01,01-01-01-01-05,SN,SN,150.0
4,01-01-01-01-01,01-01-01-01-06,SN,SN,200.0
5,01-01-01-01-01,01-01-01-01-07,SN,SN,250.0
6,01-01-01-01-01,01-01-01-01-08,SN,SN,300.0
7,01-01-01-01-01,01-01-01-01-09,SN,SN,350.0
8,01-01-01-01-01,01-01-01-01-10,SN,SN,400.0
9,01-01-01-01-01,01-01-01-02-01,SN,SN,102.319438302546
10,01-01-01-01-01,01-01-01-02-02,SN,SN,52.319438302545606
11,01-01-01-01-01,01-01-01-02-03,SN,SN,102.319438302546
12,01-01-01-01-01,01-01-01-02-04,SN,SN,152.31943830254602
13,01-01-01-01-01,01-01-01-02-05,SN,SN,202.31943830254602
14,01-01-01-01-01,01-01-01-02-06,SN,SN,252.31943830254602
15,01-01-01-01-01,01-01-01-02-07,SN,SN,302.319438302546
16,01-01-01-01-01,01-01-01-02-08,SN,SN,352.319438302546
17,01-01-01-01-01,01-01-01-02-09,SN,SN,402.319438302546
18,01-01-01-01-01,01-01-01-02-10,SN,SN,452.319438302546
19,01-01-01-01-01,01-01-01-03-01,SN,SN,154.638876605091
20,01-01-01-01-01,01-01-01-03-02,SN,SN,104.638876605091
21,01-01-01-01-01,01-01-01-03-03,SN,SN,154.638876605091
22,01-01-01-01-01,01-01-01-03-04,SN,SN,204.638876605091
23,01-01-01-01-01,01-01-01-03-05,SN,SN,254.638876605091
24,01-01-01-01-01,01-01-01-03-06,SN,SN,304.638876605091
25,01-01-01-01-01,01-01-01-03-07,SN,SN,354.638876605091
26,01-01-01-01-01,01-01-01-03-08,SN,SN,404.638876605091
27,01-01-01-01-01,01-01-01-03-09,SN,SN,454.638876605091
28,01-01-01-01-01,01-01-01-03-10,SN,SN,504.638876605091
29,01-01-01-01-01,01-01-01-04-01,SN,SN,206.95831490763698
30,01-01-01-01-01,01-01-01-04-02,SN,SN,156.958314907637
31,01-01-01-01-01,01-01-01-04-03,SN,SN,206.95831490763698
32,01-01-01-01-01,01-01-01-04-04,SN,SN,256.958314907637
33,01-01-01-01-01,01-01-01-04-05,SN,SN,306.958314907637
34,01-01-01-01-01,01-01-01-04-06,SN,SN,356.95831490763703
35,01-01-01-01-01,01-01-01-04-07,SN,SN,406.95831490763703
36,01-01-01-01-01,01-01-01-04-08,SN,SN,456.95831490763703
37,01-01-01-01-01,01-01-01-04-09,SN,SN,506.95831490763703
38,01-01-01-01-01,01-01-01-04-10,SN,SN,556.958314907637
39,01-01-01-01-02,01-01-01-01-01,SN,SN,100.0
40,01-01-01-01-02,01-01-01-01-03,SN,SN,0.0
41,01-01-01-01-02,01-01-01-01-04,SN,SN,50.0
42,01-01-01-01-02,01-01-01-01-05,SN,SN,100.0
43,01-01-01-01-02,01-01-01-01-06,SN,SN,150.0
44,01-01-01-01-02,01-01-01-01-07,SN,SN,200.0
45,01-01-01-01-02,01-01-01-01-08,SN,SN,250.0
46,01-01-01-01-02,01-01-01-01-09,SN,SN,300.0
47,01-01-01-01-02,01-01-01-01-10,SN,SN,350.0
48,01-01-01-01-02,01-01-01-02-01,SN,SN,152.31943830254602
49,01-01-01-01-02,01-01-01-02-02,SN,SN,102.319438302546
50,01-01-01-01-02,01-01-01-02-03,SN,SN,52.319438302545606
51,01-01-01-01-02,01-01-01-02-04,SN,SN,102.319438302546
52,01-01-01-01-02,01-01-01-02-05,SN,SN,152.31943830254602
53,01-01-01-01-02,01-01-01-02-06,SN,SN,202.31943830254602
54,01-01-01-01-02,01-01-01-02-07,SN,SN,252.31943830254602
55,01-01-01-01-02,01-01-01-02-08,SN,SN,302.319438302546
56,01-01-01-01-02,01-01-01-02-09,SN,SN,352.319438302546
57,01-01-01-01-02,01-01-01-02-10,SN,SN,402.319438302546
58,01-01-01-01-02,01-01-01-03-01,SN,SN,204.638876605091
59,01-01-01-01-02,01-01-01-03-02,SN,SN,154.638876605091
60,01-01-01-01-02,01-01-01-03-03,SN,SN,104.638876605091
61,01-01-01-01-02,01-01-01-03-04,SN,SN,154.638876605091
62,01-01-01-01-02,01-01-01-03-05,SN,SN,204.638876605091
63,01-01-01-01-02,01-01-01-03-06,SN,SN,254.638876605091
64,01-01-01-01-02,01-01-01-03-07,SN,SN,304.638876605091
65,01-01-01-01-02,01-01-01-03-08,SN,SN,354.638876605091
66,01-01-01-01-02,01-01-01-03-09,SN,SN,404.638876605091
67,01-01-01-01-02,01-01-01-03-10,SN,SN,454.638876605091
68,01-01-01-01-02,01-01-01-04-01,SN,SN,256.958314907637
69,01-01-01-01-02,01-01-01-04-02,SN,SN,206.95831490763698
70,01-01-01-01-02,01-01-01-04-03,SN,SN,156.958314907637
71,01-01-01-01-02,01-01-01-04-04,SN,SN,206.95831490763698
72,01-01-01-01-02,01-01-01-04-05,SN,SN,256.958314907637
73,01-01-01-01-02,01-01-01-04-06,SN,SN,306.958314907637
74,01-01-01-01-02,01-01-01-04-07,SN,SN,356.95831490763703
75,01-01-01-01-02,01-01-01-04-08,SN,SN,406.95831490763703
76,01-01-01-01-02,01-01-01-04-09,SN,SN,456.95831490763703
77,01-01-01-01-02,01-01-01-04-10,SN,SN,506.95831490763703
78,01-01-01-01-03,01-01-01-01-01,SN,SN,150.0
79,01-01-01-01-03,01-01-01-01-02,SN,SN,100.0
80,01-01-01-01-03,01-01-01-01-04,SN,SN,0.0
81,01-01-01-01-03,01-01-01-01-05,SN,SN,50.0
82,01-01-01-01-03,01-01-01-01-06,SN,SN,100.0
83,01-01-01-01-03,01-01-01-01-07,SN,SN,150.0
84,01-01-01-01-03,01-01-01-01-08,SN,SN,200.0
85,01-01-01-01-03,01-01-01-01-09,SN,SN,250.0
86,01-01-01-01-03,01-01-01-01-10,SN,SN,300.0
87,01-01-01-01-03,01-01-01-02-01,SN,SN,202.31943830254602
88,01-01-01-01-03,01-01-01-02-02,SN,SN,152.31943830254602
89,01-01-01-01-03,01-01-01-02-03,SN,SN,102.319438302546
90,01-01-01-01-03,01-01-01-02-04,SN,SN,52.319438302545606
91,01-01-01-01-03,01-01-01-02-05,SN,SN,102.319438302546
92,01-01-01-01-03,01-01-01-02-06,SN,SN,152.31943830254602
93,01-01-01-01-03,01-01-01-02-07,SN,SN,202.31943830254602
94,01-01-01-01-03,01-01-01-02-08,SN,SN,252.31943830254602
95,01-01-01-01-03,01-01-01-02-09,SN,SN,302.319438302546
96,01-01-01-01-03,01-01-01-02-10,SN,SN,352.319438302546
97,01-01-01-01-03,01-01-01-03-01,SN,SN,254.638876605091
98,01-01-01-01-03,01-01-01-03-02,SN,SN,204.638876605091
99,01-01-01-01-03,01-01-01-03-03,SN,SN,154.638876605091
100,01-01-01-01-03,01-01-01-03-04,SN,SN,104.638876605091
101,01-01-01-01-03,01-01-01-03-05,SN,SN,154.638876605091
102,01-01-01-01-03,01-01-01-03-06,SN,SN,204.638876605091
103,01-01-01-01-03,01-01-01-03-07,SN,SN,254.638876605091
104,01-01-01-01-03,01-01-01-03-08,SN,SN,304.638876605091
105,01-01-01-01-03,01-01-01-03-09,SN,SN,354.638876605091
106,01-01-01-01-03,01-01-01-03-10,SN,SN,404.638876605091
107,01-01-01-01-03,01-01-01-04-01,SN,SN,306.958314907637
108,01-01-01-01-03,01-01-01-04-02,SN,SN,256.958314907637
109,01-01-01-01-03,01-01-01-04-03,SN,SN,206.95831490763698
110,01-01-01-01-03,01-01-01-04-04,SN,SN,156.958314907637
111,01-01-01-01-03,01-01-01-04-05,SN,SN,206.95831490763698
112,01-01-01-01-03,01-01-01-04-06,SN,SN,256.958314907637
113,01-01-01-01-03,01-01-01-04-07,SN,SN,306.958314907637
114,01-01-01-01-03,01-01-01-04-08,SN,SN,356.95831490763703
115,01-01-01-01-03,01-01-01-04-09,SN,SN,406.95831490763703
116,01-01-01-01-03,01-01-01-04-10,SN,SN,456.95831490763703
117,01-01-01-01-04,01-01-01-01-01,SN,SN,200.0
118,01-01-01-01-04,01-01-01-01-02,SN,SN,150.0
119,01-01-01-01-04,01-01-01-01-03,SN,SN,100.0
120,01-01-01-01-04,01-01-01-01-05,SN,SN,0.0
121,01-01-01-01-04,01-01-01-01-06,SN,SN,50.0
122,01-01-01-01-04,01-01-01-01-07,SN,SN,100.0
123,01-01-01-01-04,01-01-01-01-08,SN,SN,150.0
124,01-01-01-01-04,01-01-01-01-09,SN,SN,200.0
125,01-01-01-01-04,01-01-01-01-10,SN,SN,250.0
126,01-01-01-01-04,01-01-01-02-01,SN,SN,252.31943830254602
127,01-01-01-01-04,01-01-01-02-02,SN,SN,202.31943830254602
128,01-01-01-01-04,01-01-01-02-03,SN,SN,152.31943830254602
129,01-01-01-01-04,01-01-01-02-04,SN,SN,102.319438302546
130,01-01-01-01-04,01-01-01-02-05,SN,SN,52.319438302545606
131,01-01-01-01-04,01-01-01-02-06,SN,SN,102.319438302546
132,01-01-01-01-04,01-01-01-02-07,SN,SN,152.31943830254602
133,01-01-01-01-04,01-01-01-02-08,SN,SN,202.31943830254602
134,01-01-01-01-04,01-01-01-02-09,SN,SN,252.31943830254602
135,01-01-01-01-04,01-01-01-02-10,SN,SN,302.319438302546
136,01-01-01-01-04,01-01-01-03-01,SN,SN,304.638876605091
137,01-01-01-01-04,01-01-01-03-02,SN,SN,254.638876605091
138,01-01-01-01-04,01-01-01-03-03,SN,SN,204.638876605091
139,01-01-01-01-04,01-01-01-03-04,SN,SN,154.638876605091
140,01-01-01-01-04,01-01-01-03-05,SN,SN,104.638876605091
141,01-01-01-01-04,01-01-01-03-06,SN,SN,154.638876605091
142,01-01-01-01-04,01-01-01-03-07,SN,SN,204.638876605091
143,01-01-01-01-04,01-01-01-03-08,SN,SN,254.638876605091
144,01-01-01-01-04,01-01-01-03-09,SN,SN,304.638876605091
145,01-01-01-01-04,01-01-01-03-10,SN,SN,354.638876605091
146,01-01-01-01-04,01-01-01-04-01,SN,SN,356.95831490763703
147,01-01-01-01-04,01-01-01-04-02,SN,SN,306.958314907637
148,01-01-01-01-04,01-01-01-04-03,SN,SN,256.958314907637
149,01-01-01-01-04,01-01-01-04-04,SN,SN,206.95831490763698
150,01-01-01-01-04,01-01-01-04-05,SN,SN,156.958314907637
151,01-01-01-01-04,01-01-01-04-06,SN,SN,206.95831490763698
152,01-01-01-01-04,01-01-01-04-07,SN,SN,256.958314907637
153,01-01-01-01-04,01-01-01-04-08,SN,SN,306.958314907637
154,01-01-01-01-04,01-01-01-04-09,SN,SN,356.95831490763703
155,01-01-01-01-04,01-01-01-04-10,SN,SN,406.95831490763703
156,01-01-01-01-05,01-01-01-01-01,SN,SN,250.0
157,01-01-01-01-05,01-01-01-01-02,SN,SN,200.0
158,01-01-01-01-05,01-01-01-01-03,SN,SN,150.0
159,01-01-01-01-05,01-01-01-01-04,SN,SN,100.0
160,01-01-01-01-05,01-01-01-01-06,SN,SN,0.0
161,01-01-01-01-05,01-01-01-01-07,SN,SN,50.0
162,01-01-01-01-05,01-01-01-01-08,SN,SN,100.0
163,01-01-01-01-05,01-01-01-01-09,SN,SN,150.0
164,01-01-01-01-05,01-01-01-01-10,SN,SN,200.0
165,01-01-01-01-05,01-01-01-02-01,SN,SN,302.319438302546
166,01-01-01-01-05,01-01-01-02-02,SN,SN,252.31943830254602
167,01-01-01-01-05,01-01-01-02-03,SN,SN,202.31943830254602
168,01-01-01-01-05,01-01-01-02-04,SN,SN,152.31943830254602
169,01-01-01-01-05,01-01-01-02-05,SN,SN,102.319438302546
170,01-01-01-01-05,01-01-01-02-06,SN,SN,52.319438302545606
171,01-01-01-01-05,01-01-01-02-07,SN,SN,102.319438302546
172,01-01-01-01-05,01-01-01-02-08,SN,SN,152.31943830254602
173,01-01-01-01-05,01-01-01-02-09,SN,SN,202.31943830254602
174,01-01-01-01-05,01-01-01-02-10,SN,SN,252.31943830254602
175,01-01-01-01-05,01-01-01-03-01,SN,SN,354.638876605091
176,01-01-01-01-05,01-01-01-03-02,SN,SN,304.638876605091
177,01-01-01-01-05,01-01-01-03-03,SN,SN,254.638876605091
178,01-01-01-01-05,01-01-01-03-04,SN,SN,204.638876605091
179,01-01-01-01-05,01-01-01-03-05,SN,SN,154.638876605091
180,01-01-01-01-05,01-01-01-03-06,SN,SN,104.638876605091
181,01-01-01-01-05,01-01-01-03-07,SN,SN,154.638876605091
182,01-01-01-01-05,01-01-01-03-08,SN,SN,204.638876605091
183,01-01-01-01-05,01-01-01-03-09,SN,SN,254.638876605091
184,01-01-01-01-05,01-01-01-03-10,SN,SN,304.638876605091
185,01-01-01-01-05,01-01-01-04-01,SN,SN,406.95831490763703
186,01-01-01-01-05,01-01-01-04-02,SN,SN,356.95831490763703
187,01-01-01-01-05,01-01-01-04-03,SN,SN,306.958314907637
188,01-01-01-01-05,01-01-01-04-04,SN,SN,256.958314907637
189,01-01-01-01-05,01-01-01-04-05,SN,SN,206.95831490763698
190,01-01-01-01-05,01-01-01-04-06,SN,SN,156.958314907637
191,01-01-01-01-05,01-01-01-04-07,SN,SN,206.95831490763698
192,01-01-01-01-05,01-01-01-04-08,SN,SN,256.958314907637
193,01-01-01-01-05,01-01-01-04-09,SN,SN,306.958314907637
194,01-01-01-01-05,01-01-01-04-10,SN,SN,356.95831490763703
195,01-01-01-01-06,01-01-01-01-01,SN,SN,300.0
196,01-01-01-01-06,01-01-01-01-02,SN,SN,250.0
197,01-01-01-01-06,01-01-01-01-03,SN,SN,200.0
198,01-01-01-01-06,01-01-01-01-04,SN,SN,150.0
199,01-01-01-01-06,01-01-01-01-05,SN,SN,100.0
200,01-01-01-01-06,01-01-01-01-07,SN,SN,0.0
201,01-01-01-01-06,01-01-01-01-08,SN,SN,50.0
202,01-01-01-01-06,01-01-01-01-09,SN,SN,100.0
203,01-01-01-01-06,01-01-01-01-10,SN,SN,150.0
204,01-01-01-01-06,01-01-01-02-01,SN,SN,352.319438302546
205,01-01-01-01-06,01-01-01-02-02,SN,SN,302.319438302546
206,01-01-01-01-06,01-01-01-02-03,SN,SN,252.31943830254602
207,01-01-01-01-06,01-01-01-02-04,SN,SN,202.31943830254602
208,01-01-01-01-06,01-01-01-02-05,SN,SN,152.31943830254602
209,01-01-01-01-06,01-01-01-02-06,SN,SN,102.319438302546
210,01-01-01-01-06,01-01-01-02-07,SN,SN,52.319438302545606
211,01-01-01-01-06,01-01-01-02-08,SN,SN,102.319438302546
212,01-01-01-01-06,01-01-01-02-09,SN,SN,152.31943830254602
213,01-01-01-01-06,01-01-01-02-10,SN,SN,202.31943830254602
214,01-01-01-01-06,01-01-01-03-01,SN,SN,404.638876605091
215,01-01-01-01-06,01-01-01-03-02,SN,SN,354.638876605091
216,01-01-01-01-06,01-01-01-03-03,SN,SN,304.638876605091
217,01-01-01-01-06,01-01-01-03-04,SN,SN,254.638876605091
218,01-01-01-01-06,01-01-01-03-05,SN,SN,204.638876605091
219,01-01-01-01-06,01-01-01-03-06,SN,SN,154.638876605091
220,01-01-01-01-06,01-01-01-03-07,SN,SN,104.638876605091
221,01-01-01-01-06,01-01-01-03-08,SN,SN,154.638876605091
222,01-01-01-01-06,01-01-01-03-09,SN,SN,204.638876605091
223,01-01-01-01-06,01-01-01-03-10,SN,SN,254.638876605091
224,01-01-01-01-06,01-01-01-04-01,SN,SN,456.95831490763703
225,01-01-01-01-06,01-01-01-04-02,SN,SN,406.95831490763703
226,01-01-01-01-06,01-01-01-04-03,SN,SN,356.95831490763703
227,01-01-01-01-06,01-01-01-04-04,SN,SN,306.958314907637
228,01-01-01-01-06,01-01-01-04-05,SN,SN,256.958314907637
229,01-01-01-01-06,01-01-01-04-06,SN,SN,206.95831490763698
230,01-01-01-01-06,01-01-01-04-07,SN,SN,156.958314907637
231,01-01-01-01-06,01-01-01-04-08,SN,SN,206.95831490763698
232,01-01-01-01-06,01-01-01-04-09,SN,SN,256.958314907637
233,01-01-01-01-06,01-01-01-04-10,SN,SN,306.958314907637
234,01-01-01-01-07,01-01-01-01-01,SN,SN,350.0
235,01-01-01-01-07,01-01-01-01-02,SN,SN,300.0
236,01-01-01-01-07,01-01-01-01-03,SN,SN,250.0
237,01-01-01-01-07,01-01-01-01-04,SN,SN,200.0
238,01-01-01-01-07,01-01-01-01-05,SN,SN,150.0
239,01-01-01-01-07,01-01-01-01-06,SN,SN,100.0
240,01-01-01-01-07,01-01-01-01-08,SN,SN,0.0
241,01-01-01-01-07,01-01-01-01-09,SN,SN,50.0
242,01-01-01-01-07,01-01-01-01-10,SN,SN,100.0
243,01-01-01-01-07,01-01-01-02-01,SN,SN,402.319438302546
244,01-01-01-01-07,01-01-01-02-02,SN,SN,352.319438302546
245,01-01-01-01-07,01-01-01-02-03,SN,SN,302.319438302546
246,01-01-01-01-07,01-01-01-02-04,SN,SN,252.31943830254602
247,01-01-01-01-07,01-01-01-02-05,SN,SN,202.31943830254602
248,01-01-01-01-07,01-01-01-02-06,SN,SN,152.31943830254602
249,01-01-01-01-07,01-01-01-02-07,SN,SN,102.319438302546
250,01-01-01-01-07,01-01-01-02-08,SN,SN,52.319438302545606
251,01-01-01-01-07,01-01-01-02-09,SN,SN,102.319438302546
252,01-01-01-01-07,01-01-01-02-10,SN,SN,152.31943830254602
253,01-01-01-01-07,01-01-01-03-01,SN,SN,454.638876605091
254,01-01-01-01-07,01-01-01-03-02,SN,SN,404.638876605091
255,01-01-01-01-07,01-01-01-03-03,SN,SN,354.638876605091
256,01-01-01-01-07,01-01-01-03-04,SN,SN,304.638876605091
257,01-01-01-01-07,01-01-01-03-05,SN,SN,254.638876605091
258,01-01-01-01-07,01-01-01-03-06,SN,SN,204.638876605091
259,01-01-01-01-07,01-01-01-03-07,SN,SN,154.638876605091
260,01-01-01-01-07,01-01-01-03-08,SN,SN,104.638876605091
261,01-01-01-01-07,01-01-01-03-09,SN,SN,154.638876605091
262,01-01-01-01-07,01-01-01-03-10,SN,SN,204.638876605091
263,01-01-01-01-07,01-01-01-04-01,SN,SN,506.95831490763703
264,01-01-01-01-07,01-01-01-04-02,SN,SN,456.95831490763703
265,01-01-01-01-07,01-01-01-04-03,SN,SN,406.95831490763703
266,01-01-01-01-07,01-01-01-04-04,SN,SN,356.95831490763703
267,01-01-01-01-07,01-01-01-04-05,SN,SN,306.958314907637
268,01-01-01-01-07,01-01-01-04-06,SN,SN,256.958314907637
269,01-01-01-01-07,01-01-01-04-07,SN,SN,206.95831490763698
270,01-01-01-01-07,01-01-01-04-08,SN,SN,156.958314907637
271,01-01-01-01-07,01-01-01-04-09,SN,SN,206.95831490763698
272,01-01-01-01-07,01-01-01-04-10,SN,SN,256.958314907637
273,01-01-01-01-08,01-01-01-01-01,SN,SN,400.0
274,01-01-01-01-08,01-01-01-01-02,SN,SN,350.0
275,01-01-01-01-08,01-01-01-01-03,SN,SN,300.0
276,01-01-01-01-08,01-01-01-01-04,SN,SN,250.0
277,01-01-01-01-08,01-01-01-01-05,SN,SN,200.0
278,01-01-01-01-08,01-01-01-01-06,SN,SN,150.0
279,01-01-01-01-08,01-01-01-01-07,SN,SN,100.0
280,01-01-01-01-08,01-01-01-01-09,SN,SN,0.0
281,01-01-01-01-08,01-01-01-01-10,SN,SN,50.0
282,01-01-01-01-08,01-01-01-02-01,SN,SN,452.319438302546
283,01-01-01-01-08,01-01-01-02-02,SN,SN,402.319438302546
284,01-01-01-01-08,01-01-01-02-03,SN,SN,352.319438302546
285,01-01-01-01-08,01-01-01-02-04,SN,SN,302.319438302546
286,01-01-01-01-08,01-01-01-02-05,SN,SN,252.31943830254602
287,01-01-01-01-08,01-01-01-02-06,SN,SN,202.31943830254602
288,01-01-01-01-08,01-01-01-02-07,SN,SN,152.31943830254602
289,01-01-01-01-08,01-01-01-02-08,SN,SN,102.319438302546
290,01-01-01-01-08,01-01-01-02-09,SN,SN,52.319438302545606
291,01-01-01-01-08,01-01-01-02-10,SN,SN,102.319438302546
292,01-01-01-01-08,01-01-01-03-01,SN,SN,504.638876605091
293,01-01-01-01-08,01-01-01-03-02,SN,SN,454.638876605091
294,01-01-01-01-08,01-01-01-03-03,SN,SN,404.638876605091
295,01-01-01-01-08,01-01-01-03-04,SN,SN,354.638876605091
296,01-01-01-01-08,01-01-01-03-05,SN,SN,304.638876605091
297,01-01-01-01-08,01-01-01-03-06,SN,SN,254.638876605091
298,01-01-01-01-08,01-01-01-03-07,SN,SN,204.638876605091
299,01-01-01-01-08,01-01-01-03-08,SN,SN,154.638876605091
300,01-01-01-01-08,01-01-01-03-09,SN,SN,104.638876605091
301,01-01-01-01-08,01-01-01-03-10,SN,SN,154.638876605091
302,01-01-01-01-08,01-01-01-04-01,SN,SN,556.958314907637
303,01-01-01-01-08,01-01-01-04-02,SN,SN,506.95831490763703
304,01-01-01-01-08,01-01-01-04-03,SN,SN,456.95831490763703
305,01-01-01-01-08,01-01-01-04-04,SN,SN,406.95831490763703
306,01-01-01-01-08,01-01-01-04-05,SN,SN,356.95831490763703
307,01-01-01-01-08,01-01-01-04-06,SN,SN,306.958314907637
308,01-01-01-01-08,01-01-01-04-07,SN,SN,256.958314907637
309,01-01-01-01-08,01-01-01-04-08,SN,SN,206.95831490763698
310,01-01-01-01-08,01-01-01-04-09,SN,SN,156.958314907637
311,01-01-01-01-08,01-01-01-04-10,SN,SN,206.95831490763698
312,01-01-01-01-09,01-01-01-01-01,SN,SN,450.0
313,01-01-01-01-09,01-01-01-01-02,SN,SN,400.0
314,01-01-01-01-09,01-01-01-01-03,SN,SN,350.0
315,01-01-01-01-09,01-01-01-01-04,SN,SN,300.0
316,01-01-01-01-09,01-01-01-01-05,SN,SN,250.0
317,01-01-01-01-09,01-01-01-01-06,SN,SN,200.0
318,01-01-01-01-09,01-01-01-01-07,SN,SN,150.0
319,01-01-01-01-09,01-01-01-01-08,SN,SN,100.0
320,01-01-01-01-09,01-01-01-01-10,SN,SN,0.0
321,01-01-01-01-09,01-01-01-02-01,SN,SN,502.319438302546
322,01-01-01-01-09,01-01-01-02-02,SN,SN,452.319438302546
323,01-01-01-01-09,01-01-01-02-03,SN,SN,402.319438302546
324,01-01-01-01-09,01-01-01-02-04,SN,SN,352.319438302546
325,01-01-01-01-09,01-01-01-02-05,SN,SN,302.319438302546
326,01-01-01-01-09,01-01-01-02-06,SN,SN,252.31943830254602
327,01-01-01-01-09,01-01-01-02-07,SN,SN,202.31943830254602
328,01-01-01-01-09,01-01-01-02-08,SN,SN,152.31943830254602
329,01-01-01-01-09,01-01-01-02-09,SN,SN,102.319438302546
330,01-01-01-01-09,01-01-01-02-10,SN,SN,52.319438302545606
331,01-01-01-01-09,01-01-01-03-01,SN,SN,554.638876605091
332,01-01-01-01-09,01-01-01-03-02,SN,SN,504.638876605091
333,01-01-01-01-09,01-01-01-03-03,SN,SN,454.638876605091
334,01-01-01-01-09,01-01-01-03-04,SN,SN,404.638876605091
335,01-01-01-01-09,01-01-01-03-05,SN,SN,354.638876605091
336,01-01-01-01-09,01-01-01-03-06,SN,SN,304.638876605091
337,01-01-01-01-09,01-01-01-03-07,SN,SN,254.638876605091
338,01-01-01-01-09,01-01-01-03-08,SN,SN,204.638876605091
339,01-01-01-01-09,01-01-01-03-09,SN,SN,154.638876605091
340,01-01-01-01-09,01-01-01-03-10,SN,SN,104.638876605091
341,01-01-01-01-09,01-01-01-04-01,SN,SN,606.958314907637
342,01-01-01-01-09,01-01-01-04-02,SN,SN,556.958314907637
343,01-01-01-01-09,01-01-01-04-03,SN,SN,506.95831490763703
344,01-01-01-01-09,01-01-01-04-04,SN,SN,456.95831490763703
345,01-01-01-01-09,01-01-01-04-05,SN,SN,406.95831490763703
346,01-01-01-01-09,01-01-01-04-06,SN,SN,356.95831490763703
347,01-01-01-01-09,01-01-01-04-07,SN,SN,306.958314907637
348,01-01-01-01-09,01-01-01-04-08,SN,SN,256.958314907637
349,01-01-01-01-09,01-01-01-04-09,SN,SN,206.95831490763698
350,01-01-01-01-09,01-01-01-04-10,SN,SN,156.958314907637
351,01-01-01-01-10,01-01-01-01-01,SN,SN,500.0
352,01-01-01-01-10,01-01-01-01-02,SN,SN,450.0
353,01-01-01-01-10,01-01-01-01-03,SN,SN,400.0
354,01-01-01-01-10,01-01-01-01-04,SN,SN,350.0
355,01-01-01-01-10,01-01-01-01-05,SN,SN,300.0
356,01-01-01-01-10,01-01-01-01-06,SN,SN,250.0
357,01-01-01-01-10,01-01-01-01-07,SN,SN,200.0
358,01-01-01-01-10,01-01-01-01-08,SN,SN,150.0
359,01-01-01-01-10,01-01-01-01-09,SN,SN,100.0
360,01-01-01-01-10,01-01-01-02-01,SN,SN,552.319438302546
361,01-01-01-01-10,01-01-01-02-02,SN,SN,502.319438302546
362,01-01-01-01-10,01-01-01-02-03,SN,SN,452.319438302546
363,01-01-01-01-10,01-01-01-02-04,SN,SN,402.319438302546
364,01-01-01-01-10,01-01-01-02-05,SN,SN,352.319438302546
365,01-01-01-01-10,01-01-01-02-06,SN,SN,302.319438302546
366,01-01-01-01-10,01-01-01-02-07,SN,SN,252.31943830254602
367,01-01-01-01-10,01-01-01-02-08,SN,SN,202.31943830254602
368,01-01-01-01-10,01-01-01-02-09,SN,SN,152.31943830254602
369,01-01-01-01-10,01-01-01-02-10,SN,SN,102.319438302546
370,01-01-01-01-10,01-01-01-03-01,SN,SN,604.638876605091
371,01-01-01-01-10,01-01-01-03-02,SN,SN,554.638876605091
372,01-01-01-01-10,01-01-01-03-03,SN,SN,504.638876605091
373,01-01-01-01-10,01-01-01-03-04,SN,SN,454.638876605091
374,01-01-01-01-10,01-01-01-03-05,SN,SN,404.638876605091
375,01-01-01-01-10,01-01-01-03-06,SN,SN,354.638876605091
376,01-01-01-01-10,01-01-01-03-07,SN,SN,304.638876605091
377,01-01-01-01-10,01-01-01-03-08,SN,SN,254.638876605091
378,01-01-01-01-10,01-01-01-03-09,SN,SN,204.638876605091
379,01-01-01-01-10,01-01-01-03-10,SN,SN,154.638876605091
380,01-01-01-01-10,01-01-01-04-01,SN,SN,656.958314907637
381,01-01-01-01-10,01-01-01-04-02,SN,SN,606.958314907637
382,01-01-01-01-10,01-01-01-04-03,SN,SN,556.958314907637
383,01-01-01-01-10,01-01-01-04-04,SN,SN,506.95831490763703
384,01-01-01-01-10,01-01-01-04-05,SN,SN,456.95831490763703
385,01-01-01-01-10,01-01-01-04-06,SN,SN,406.95831490763703
386,01-01-01-01-10,01-01-01-04-07,SN,SN,356.95831490763703
387,01-01-01-01-10,01-01-01-04-08,SN,SN,306.958314907637
388,01-01-01-01-10,01-01-01-04-09,SN,SN,256.958314907637
389,01-01-01-01-10,01-01-01-04-10,SN,SN,206.95831490763698
390,01-01-01-02-01,01-01-01-01-01,SN,SN,102.319438302546
391,01-01-01-02-01,01-01-01-01-02,SN,SN,52.319438302545606
392,01-01-01-02-01,01-01-01-01-03,SN,SN,102.319438302546
393,01-01-01-02-01,01-01-01-01-04,SN,SN,152.31943830254602
394,01-01-01-02-01,01-01-01-01-05,SN,SN,202.31943830254602
395,01-01-01-02-01,01-01-01-01-06,SN,SN,252.31943830254602
396,01-01-01-02-01,01-01-01-01-07,SN,SN,302.319438302546
397,01-01-01-02-01,01-01-01-01-08,SN,SN,352.319438302546
398,01-01-01-02-01,01-01-01-01-09,SN,SN,402.319438302546
399,01-01-01-02-01,01-01-01-01-10,SN,SN,452.319438302546
400,01-01-01-02-01,01-01-01-02-02,SN,SN,0.0
401,01-01-01-02-01,01-01-01-02-03,SN,SN,50.0
402,01-01-01-02-01,01-01-01-02-04,SN,SN,100.0
403,01-01-01-02-01,01-01-01-02-05,SN,SN,150.0
404,01-01-01-02-01,01-01-01-02-06,SN,SN,200.0
405,01-01-01-02-01,01-01-01-02-07,SN,SN,250.0
406,01-01-01-02-01,01-01-01-02-08,SN,SN,300.0
407,01-01-01-02-01,01-01-01-02-09,SN,SN,350.0
408,01-01-01-02-01,01-01-01-02-10,SN,SN,400.0
409,01-01-01-02-01,01-01-01-03-01,SN,SN,102.319438302546
410,01-01-01-02-01,01-01-01-03-02,SN,SN,52.319438302545606
411,01-01-01-02-01,01-01-01-03-03,SN,SN,102.319438302546
412,01-01-01-02-01,01-01-01-03-04,SN,SN,152.31943830254602
413,01-01-01-02-01,01-01-01-03-05,SN,SN,202.31943830254602
414,01-01-01-02-01,01-01-01-03-06,SN,SN,252.31943830254602
415,01-01-01-02-01,01-01-01-03-07,SN,SN,302.319438302546
416,01-01-01-02-01,01-01-01-03-08,SN,SN,352.319438302546
417,01-01-01-02-01,01-01-01-03-09,SN,SN,402.319438302546
418,01-01-01-02-01,01-01-01-03-10,SN,SN,452.319438302546
419,01-01-01-02-01,01-01-01-04-01,SN,SN,154.638876605091
420,01-01-01-02-01,01-01-01-04-02,SN,SN,104.638876605091
421,01-01-01-02-01,01-01-01-04-03,SN,SN,154.638876605091
422,01-01-01-02-01,01-01-01-04-04,SN,SN,204.638876605091
423,01-01-01-02-01,01-01-01-04-05,SN,SN,254.638876605091
424,01-01-01-02-01,01-01-01-04-06,SN,SN,304.638876605091
425,01-01-01-02-01,01-01-01-04-07,SN,SN,354.638876605091
426,01-01-01-02-01,01-01-01-04-08,SN,SN,404.638876605091
427,01-01-01-02-01,01-01-01-04-09,SN,SN,454.638876605091
428,01-01-01-02-01,01-01-01-04-10,SN,SN,504.638876605091
429,01-01-01-02-02,01-01-01-01-01,SN,SN,152.31943830254602
430,01-01-01-02-02,01-01-01-01-02,SN,SN,102.319438302546
431,01-01-01-02-02,01-01-01-01-03,SN,SN,52.319438302545606
432,01-01-01-02-02,01-01-01-01-04,SN,SN,102.319438302546
433,01-01-01-02-02,01-01-01-01-05,SN,SN,152.31943830254602
434,01-01-01-02-02,01-01-01-01-06,SN,SN,202.31943830254602
435,01-01-01-02-02,01-01-01-01-07,SN,SN,252.31943830254602
436,01-01-01-02-02,01-01-01-01-08,SN,SN,302.319438302546
437,01-01-01-02-02,01-01-01-01-09,SN,SN,352.319438302546
438,01-01-01-02-02,01-01-01-01-10,SN,SN,402.319438302546
439,01-01-01-02-02,01-01-01-02-01,SN,SN,100.0
440,01-01-01-02-02,01-01-01-02-03,SN,SN,0.0
441,01-01-01-02-02,01-01-01-02-04,SN,SN,50.0
442,01-01-01-02-02,01-01-01-02-05,SN,SN,100.0
443,01-01-01-02-02,01-01-01-02-06,SN,SN,150.0
444,01-01-01-02-02,01-01-01-02-07,SN,SN,200.0
445,01-01-01-02-02,01-01-01-02-08,SN,SN,250.0
446,01-01-01-02-02,01-01-01-02-09,SN,SN,300.0
447,01-01-01-02-02,01-01-01-02-10,SN,SN,350.0
448,01-01-01-02-02,01-01-01-03-01,SN,SN,152.31943830254602
449,01-01-01-02-02,01-01-01-03-02,SN,SN,102.319438302546
450,01-01-01-02-02,01-01-01-03-03,SN,SN,52.319438302545606
451,01-01-01-02-02,01-01-01-03-04,SN,SN,102.319438302546
452,01-01-01-02-02,01-01-01-03-05,SN,SN,152.31943830254602
453,01-01-01-02-02,01-01-01-03-06,SN,SN,202.31943830254602
454,01-01-01-02-02,01-01-01-03-07,SN,SN,252.31943830254602
455,01-01-01-02-02,01-01-01-03-08,SN,SN,302.319438302546
456,01-01-01-02-02,01-01-01-03-09,SN,SN,352.319438302546
457,01-01-01-02-02,01-01-01-03-10,SN,SN,402.319438302546
458,01-01-01-02-02,01-01-01-04-01,SN,SN,204.638876605091
459,01-01-01-02-02,01-01-01-04-02,SN,SN,154.638876605091
460,01-01-01-02-02,01-01-01-04-03,SN,SN,104.638876605091
461,01-01-01-02-02,01-01-01-04-04,SN,SN,154.638876605091
462,01-01-01-02-02,01-01-01-04-05,SN,SN,204.638876605091
463,01-01-01-02-02,01-01-01-04-06,SN,SN,254.638876605091
464,01-01-01-02-02,01-01-01-04-07,SN,SN,304.638876605091
465,01-01-01-02-02,01-01-01-04-08,SN,SN,354.638876605091
466,01-01-01-02-02,01-01-01-04-09,SN,SN,404.638876605091
467,01-01-01-02-02,01-01-01-04-10,SN,SN,454.638876605091
468,01-01-01-02-03,01-01-01-01-01,SN,SN,202.31943830254602
469,01-01-01-02-03,01-01-01-01-02,SN,SN,152.31943830254602
470,01-01-01-02-03,01-01-01-01-03,SN,SN,102.319438302546
471,01-01-01-02-03,01-01-01-01-04,SN,SN,52.319438302545606
472,01-01-01-02-03,01-01-01-01-05,SN,SN,102.319438302546
473,01-01-01-02-03,01-01-01-01-06,SN,SN,152.31943830254602
474,01-01-01-02-03,01-01-01-01-07,SN,SN,202.31943830254602
475,01-01-01-02-03,01-01-01-01-08,SN,SN,252.31943830254602
476,01-01-01-02-03,01-01-01-01-09,SN,SN,302.319438302546
477,01-01-01-02-03,01-01-01-01-10,SN,SN,352.319438302546
478,01-01-01-02-03,01-01-01-02-01,SN,SN,150.0
479,01-01-01-02-03,01-01-01-02-02,SN,SN,100.0
480,01-01-01-02-03,01-01-01-02-04,SN,SN,0.0
481,01-01-01-02-03,01-01-01-02-05,SN,SN,50.0
482,01-01-01-02-03,01-01-01-02-06,SN,SN,100.0
483,01-01-01-02-03,01-01-01-02-07,SN,SN,150.0
484,01-01-01-02-03,01-01-01-02-08,SN,SN,200.0
485,01-01-01-02-03,01-01-01-02-09,SN,SN,250.0
486,01-01-01-02-03,01-01-01-02-10,SN,SN,300.0
487,01-01-01-02-03,01-01-01-03-01,SN,SN,202.31943830254602
488,01-01-01-02-03,01-01-01-03-02,SN,SN,152.31943830254602
489,01-01-01-02-03,01-01-01-03-03,SN,SN,102.319438302546
490,01-01-01-02-03,01-01-01-03-04,SN,SN,52.319438302545606
491,01-01-01-02-03,01-01-01-03-05,SN,SN,102.319438302546
492,01-01-01-02-03,01-01-01-03-06,SN,SN,152.31943830254602
493,01-01-01-02-03,01-01-01-03-07,SN,SN,202.31943830254602
494,01-01-01-02-03,01-01-01-03-08,SN,SN,252.31943830254602
495,01-01-01-02-03,01-01-01-03-09,SN,SN,302.319438302546
496,01-01-01-02-03,01-01-01-03-10,SN,SN,352.319438302546
497,01-01-01-02-03,01-01-01-04-01,SN,SN,254.638876605091
498,01-01-01-02-03,01-01-01-04-02,SN,SN,204.638876605091
499,01-01-01-02-03,01-01-01-04-03,SN,SN,154.638876605091
500,01-01-01-02-03,01-01-01-04-04,SN,SN,104.638876605091
501,01-01-01-02-03,01-01-01-04-05,SN,SN,154.638876605091
502,01-01-01-02-03,01-01-01-04-06,SN,SN,204.638876605091
503,01-01-01-02-03,01-01-01-04-07,SN,SN,254.638876605091
504,01-01-01-02-03,01-01-01-04-08,SN,SN,304.638876605091
505,01-01-01-02-03,01-01-01-04-09,SN,SN,354.638876605091
506,01-01-01-02-03,01-01-01-04-10,SN,SN,404.638876605091
507,01-01-01-02-04,01-01-01-01-01,SN,SN,252.31943830254602
508,01-01-01-02-04,01-01-01-01-02,SN,SN,202.31943830254602
509,01-01-01-02-04,01-01-01-01-03,SN,SN,152.31943830254602
510,01-01-01-02-04,01-01-01-01-04,SN,SN,102.319438302546
511,01-01-01-02-04,01-01-01-01-05,SN,SN,52.319438302545606
512,01-01-01-02-04,01-01-01-01-06,SN,SN,102.319438302546
513,01-01-01-02-04,01-01-01-01-07,SN,SN,152.31943830254602
514,01-01-01-02-04,01-01-01-01-08,SN,SN,202.31943830254602
515,01-01-01-02-04,01-01-01-01-09,SN,SN,252.31943830254602
516,01-01-01-02-04,01-01-01-01-10,SN,SN,302.319438302546
517,01-01-01-02-04,01-01-01-02-01,SN,SN,200.0
518,01-01-01-02-04,01-01-01-02-02,SN,SN,150.0
519,01-01-01-02-04,01-01-01-02-03,SN,SN,100.0
520,01-01-01-02-04,01-01-01-02-05,SN,SN,0.0
521,01-01-01-02-04,01-01-01-02-06,SN,SN,50.0
522,01-01-01-02-04,01-01-01-02-07,SN,SN,100.0
523,01-01-01-02-04,01-01-01-02-08,SN,SN,150.0
524,01-01-01-02-04,01-01-01-02-09,SN,SN,200.0
525,01-01-01-02-04,01-01-01-02-10,SN,SN,250.0
526,01-01-01-02-04,01-01-01-03-01,SN,SN,252.31943830254602
527,01-01-01-02-04,01-01-01-03-02,SN,SN,202.31943830254602
528,01-01-01-02-04,01-01-01-03-03,SN,SN,152.31943830254602
529,01-01-01-02-04,01-01-01-03-04,SN,SN,102.319438302546
530,01-01-01-02-04,01-01-01-03-05,SN,SN,52.319438302545606
531,01-01-01-02-04,01-01-01-03-06,SN,SN,102.319438302546
532,01-01-01-02-04,01-01-01-03-07,SN,SN,152.31943830254602
533,01-01-01-02-04,01-01-01-03-08,SN,SN,202.31943830254602
534,01-01-01-02-04,01-01-01-03-09,SN,SN,252.31943830254602
535,01-01-01-02-04,01-01-01-03-10,SN,SN,302.319438302546
536,01-01-01-02-04,01-01-01-04-01,SN,SN,304.638876605091
537,01-01-01-02-04,01-01-01-04-02,SN,SN,254.638876605091
538,01-01-01-02-04,01-01-01-04-03,SN,SN,204.638876605091
539,01-01-01-02-04,01-01-01-04-04,SN,SN,154.638876605091
540,01-01-01-02-04,01-01-01-04-05,SN,SN,104.638876605091
541,01-01-01-02-04,01-01-01-04-06,SN,SN,154.638876605091
542,01-01-01-02-04,01-01-01-04-07,SN,SN,204.638876605091
543,01-01-01-02-04,01-01-01-04-08,SN,SN,254.638876605091
544,01-01-01-02-04,01-01-01-04-09,SN,SN,304.638876605091
545,01-01-01-02-04,01-01-01-04-10,SN,SN,354.638876605091
546,01-01-01-02-05,01-01-01-01-01,SN,SN,302.319438302546
547,01-01-01-02-05,01-01-01-01-02,SN,SN,252.31943830254602
548,01-01-01-02-05,01-01-01-01-03,SN,SN,202.31943830254602
549,01-01-01-02-05,01-01-01-01-04,SN,SN,152.31943830254602
550,01-01-01-02-05,01-01-01-01-05,SN,SN,102.319438302546
551,01-01-01-02-05,01-01-01-01-06,SN,SN,52.319438302545606
552,01-01-01-02-05,01-01-01-01-07,SN,SN,102.319438302546
553,01-01-01-02-05,01-01-01-01-08,SN,SN,152.31943830254602
554,01-01-01-02-05,01-01-01-01-09,SN,SN,202.31943830254602
555,01-01-01-02-05,01-01-01-01-10,SN,SN,252.31943830254602
556,01-01-01-02-05,01-01-01-02-01,SN,SN,250.0
557,01-01-01-02-05,01-01-01-02-02,SN,SN,200.0
558,01-01-01-02-05,01-01-01-02-03,SN,SN,150.0
559,01-01-01-02-05,01-01-01-02-04,SN,SN,100.0
560,01-01-01-02-05,01-01-01-02-06,SN,SN,0.0
561,01-01-01-02-05,01-01-01-02-07,SN,SN,50.0
562,01-01-01-02-05,01-01-01-02-08,SN,SN,100.0
563,01-01-01-02-05,01-01-01-02-09,SN,SN,150.0
564,01-01-01-02-05,01-01-01-02-10,SN,SN,200.0
565,01-01-01-02-05,01-01-01-03-01,SN,SN,302.319438302546
566,01-01-01-02-05,01-01-01-03-02,SN,SN,252.31943830254602
567,01-01-01-02-05,01-01-01-03-03,SN,SN,202.31943830254602
568,01-01-01-02-05,01-01-01-03-04,SN,SN,152.31943830254602
569,01-01-01-02-05,01-01-01-03-05,SN,SN,102.319438302546
570,01-01-01-02-05,01-01-01-03-06,SN,SN,52.319438302545606
571,01-01-01-02-05,01-01-01-03-07,SN,SN,102.319438302546
572,01-01-01-02-05,01-01-01-03-08,SN,SN,152.31943830254602
573,01-01-01-02-05,01-01-01-03-09,SN,SN,202.31943830254602
574,01-01-01-02-05,01-01-01-03-10,SN,SN,252.31943830254602
575,01-01-01-02-05,01-01-01-04-01,SN,SN,354.638876605091
576,01-01-01-02-05,01-01-01-04-02,SN,SN,304.638876605091
577,01-01-01-02-05,01-01-01-04-03,SN,SN,254.638876605091
578,01-01-01-02-05,01-01-01-04-04,SN,SN,204.638876605091
579,01-01-01-02-05,01-01-01-04-05,SN,SN,154.638876605091
580,01-01-01-02-05,01-01-01-04-06,SN,SN,104.638876605091
581,01-01-01-02-05,01-01-01-04-07,SN,SN,154.638876605091
582,01-01-01-02-05,01-01-01-04-08,SN,SN,204.638876605091
583,01-01-01-02-05,01-01-01-04-09,SN,SN,254.638876605091
584,01-01-01-02-05,01-01-01-04-10,SN,SN,304.638876605091
585,01-01-01-02-06,01-01-01-01-01,SN,SN,352.319438302546
586,01-01-01-02-06,01-01-01-01-02,SN,SN,302.319438302546
587,01-01-01-02-06,01-01-01-01-03,SN,SN,252.31943830254602
588,01-01-01-02-06,01-01-01-01-04,SN,SN,202.31943830254602
589,01-01-01-02-06,01-01-01-01-05,SN,SN,152.31943830254602
590,01-01-01-02-06,01-01-01-01-06,SN,SN,102.319438302546
591,01-01-01-02-06,01-01-01-01-07,SN,SN,52.319438302545606
592,01-01-01-02-06,01-01-01-01-08,SN,SN,102.319438302546
593,01-01-01-02-06,01-01-01-01-09,SN,SN,152.31943830254602
594,01-01-01-02-06,01-01-01-01-10,SN,SN,202.31943830254602
595,01-01-01-02-06,01-01-01-02-01,SN,SN,300.0
596,01-01-01-02-06,01-01-01-02-02,SN,SN,250.0
597,01-01-01-02-06,01-01-01-02-03,SN,SN,200.0
598,01-01-01-02-06,01-01-01-02-04,SN,SN,150.0
599,01-01-01-02-06,01-01-01-02-05,SN,SN,100.0
600,01-01-01-02-06,01-01-01-02-07,SN,SN,0.0
601,01-01-01-02-06,01-01-01-02-08,SN,SN,50.0
602,01-01-01-02-06,01-01-01-02-09,SN,SN,100.0
603,01-01-01-02-06,01-01-01-02-10,SN,SN,150.0
604,01-01-01-02-06,01-01-01-03-01,SN,SN,352.319438302546
605,01-01-01-02-06,01-01-01-03-02,SN,SN,302.319438302546
606,01-01-01-02-06,01-01-01-03-03,SN,SN,252.31943830254602
607,01-01-01-02-06,01-01-01-03-04,SN,SN,202.31943830254602
608,01-01-01-02-06,01-01-01-03-05,SN,SN,152.31943830254602
609,01-01-01-02-06,01-01-01-03-06,SN,SN,102.319438302546
610,01-01-01-02-06,01-01-01-03-07,SN,SN,52.319438302545606
611,01-01-01-02-06,01-01-01-03-08,SN,SN,102.319438302546
612,01-01-01-02-06,01-01-01-03-09,SN,SN,152.31943830254602
613,01-01-01-02-06,01-01-01-03-10,SN,SN,202.31943830254602
614,01-01-01-02-06,01-01-01-04-01,SN,SN,404.638876605091
615,01-01-01-02-06,01-01-01-04-02,SN,SN,354.638876605091
616,01-01-01-02-06,01-01-01-04-03,SN,SN,304.638876605091
617,01-01-01-02-06,01-01-01-04-04,SN,SN,254.638876605091
618,01-01-01-02-06,01-01-01-04-05,SN,SN,204.638876605091
619,01-01-01-02-06,01-01-01-04-06,SN,SN,154.638876605091
620,01-01-01-02-06,01-01-01-04-07,SN,SN,104.638876605091
621,01-01-01-02-06,01-01-01-04-08,SN,SN,154.638876605091
622,01-01-01-02-06,01-01-01-04-09,SN,SN,204.638876605091
623,01-01-01-02-06,01-01-01-04-10,SN,SN,254.638876605091
624,01-01-01-02-07,01-01-01-01-01,SN,SN,402.319438302546
625,01-01-01-02-07,01-01-01-01-02,SN,SN,352.319438302546
626,01-01-01-02-07,01-01-01-01-03,SN,SN,302.319438302546
627,01-01-01-02-07,01-01-01-01-04,SN,SN,252.31943830254602
628,01-01-01-02-07,01-01-01-01-05,SN,SN,202.31943830254602
629,01-01-01-02-07,01-01-01-01-06,SN,SN,152.31943830254602
630,01-01-01-02-07,01-01-01-01-07,SN,SN,102.319438302546
631,01-01-01-02-07,01-01-01-01-08,SN,SN,52.319438302545606
632,01-01-01-02-07,01-01-01-01-09,SN,SN,102.319438302546
633,01-01-01-02-07,01-01-01-01-10,SN,SN,152.31943830254602
634,01-01-01-02-07,01-01-01-02-01,SN,SN,350.0
635,01-01-01-02-07,01-01-01-02-02,SN,SN,300.0
636,01-01-01-02-07,01-01-01-02-03,SN,SN,250.0
637,01-01-01-02-07,01-01-01-02-04,SN,SN,200.0
638,01-01-01-02-07,01-01-01-02-05,SN,SN,150.0
639,01-01-01-02-07,01-01-01-02-06,SN,SN,100.0
640,01-01-01-02-07,01-01-01-02-08,SN,SN,0.0
641,01-01-01-02-07,01-01-01-02-09,SN,SN,50.0
642,01-01-01-02-07,01-01-01-02-10,SN,SN,100.0
643,01-01-01-02-07,01-01-01-03-01,SN,SN,402.319438302546
644,01-01-01-02-07,01-01-01-03-02,SN,SN,352.319438302546
645,01-01-01-02-07,01-01-01-03-03,SN,SN,302.319438302546
646,01-01-01-02-07,01-01-01-03-04,SN,SN,252.31943830254602
647,01-01-01-02-07,01-01-01-03-05,SN,SN,202.31943830254602
648,01-01-01-02-07,01-01-01-03-06,SN,SN,152.31943830254602
649,01-01-01-02-07,01-01-01-03-07,SN,SN,102.319438302546
650,01-01-01-02-07,01-01-01-03-08,SN,SN,52.319438302545606
651,01-01-01-02-07,01-01-01-03-09,SN,SN,102.319438302546
652,01-01-01-02-07,01-01-01-03-10,SN,SN,152.31943830254602
653,01-01-01-02-07,01-01-01-04-01,SN,SN,454.638876605091
654,01-01-01-02-07,01-01-01-04-02,SN,SN,404.638876605091
655,01-01-01-02-07,01-01-01-04-03,SN,SN,354.638876605091
656,01-01-01-02-07,01-01-01-04-04,SN,SN,304.638876605091
657,01-01-01-02-07,01-01-01-04-05,SN,SN,254.638876605091
658,01-01-01-02-07,01-01-01-04-06,SN,SN,204.638876605091
659,01-01-01-02-07,01-01-01-04-07,SN,SN,154.638876605091
660,01-01-01-02-07,01-01-01-04-08,SN,SN,104.638876605091
661,01-01-01-02-07,01-01-01-04-09,SN,SN,154.638876605091
662,01-01-01-02-07,01-01-01-04-10,SN,SN,204.638876605091
663,01-01-01-02-08,01-01-01-01-01,SN,SN,452.319438302546
664,01-01-01-02-08,01-01-01-01-02,SN,SN,402.319438302546
665,01-01-01-02-08,01-01-01-01-03,SN,SN,352.319438302546
666,01-01-01-02-08,01-01-01-01-04,SN,SN,302.319438302546
667,01-01-01-02-08,01-01-01-01-05,SN,SN,252.31943830254602
668,01-01-01-02-08,01-01-01-01-06,SN,SN,202.31943830254602
669,01-01-01-02-08,01-01-01-01-07,SN,SN,152.31943830254602
670,01-01-01-02-08,01-01-01-01-08,SN,SN,102.319438302546
671,01-01-01-02-08,01-01-01-01-09,SN,SN,52.319438302545606
672,01-01-01-02-08,01-01-01-01-10,SN,SN,102.319438302546
673,01-01-01-02-08,01-01-01-02-01,SN,SN,400.0
674,01-01-01-02-08,01-01-01-02-02,SN,SN,350.0
675,01-01-01-02-08,01-01-01-02-03,SN,SN,300.0
676,01-01-01-02-08,01-01-01-02-04,SN,SN,250.0
677,01-01-01-02-08,01-01-01-02-05,SN,SN,200.0
678,01-01-01-02-08,01-01-01-02-06,SN,SN,150.0
679,01-01-01-02-08,01-01-01-02-07,SN,SN,100.0
680,01-01-01-02-08,01-01-01-02-09,SN,SN,0.0
681,01-01-01-02-08,01-01-01-02-10,SN,SN,50.0
682,01-01-01-02-08,01-01-01-03-01,SN,SN,452.319438302546
683,01-01-01-02-08,01-01-01-03-02,SN,SN,402.319438302546
684,01-01-01-02-08,01-01-01-03-03,SN,SN,352.319438302546
685,01-01-01-02-08,01-01-01-03-04,SN,SN,302.319438302546
686,01-01-01-02-08,01-01-01-03-05,SN,SN,252.31943830254602
687,01-01-01-02-08,01-01-01-03-06,SN,SN,202.31943830254602
688,01-01-01-02-08,01-01-01-03-07,SN,SN,152.31943830254602
689,01-01-01-02-08,01-01-01-03-08,SN,SN,102.319438302546
690,01-01-01-02-08,01-01-01-03-09,SN,SN,52.319438302545606
691,01-01-01-02-08,01-01-01-03-10,SN,SN,102.319438302546
692,01-01-01-02-08,01-01-01-04-01,SN,SN,504.638876605091
693,01-01-01-02-08,01-01-01-04-02,SN,SN,454.638876605091
694,01-01-01-02-08,01-01-01-04-03,SN,SN,404.638876605091
695,01-01-01-02-08,01-01-01-04-04,SN,SN,354.638876605091
696,01-01-01-02-08,01-01-01-04-05,SN,SN,304.638876605091
697,01-01-01-02-08,01-01-01-04-06,SN,SN,254.638876605091
698,01-01-01-02-08,01-01-01-04-07,SN,SN,204.638876605091
699,01-01-01-02-08,01-01-01-04-08,SN,SN,154.638876605091
700,01-01-01-02-08,01-01-01-04-09,SN,SN,104.638876605091
701,01-01-01-02-08,01-01-01-04-10,SN,SN,154.638876605091
702,01-01-01-02-09,01-01-01-01-01,SN,SN,502.319438302546
703,01-01-01-02-09,01-01-01-01-02,SN,SN,452.319438302546
704,01-01-01-02-09,01-01-01-01-03,SN,SN,402.319438302546
705,01-01-01-02-09,01-01-01-01-04,SN,SN,352.319438302546
706,01-01-01-02-09,01-01-01-01-05,SN,SN,302.319438302546
707,01-01-01-02-09,01-01-01-01-06,SN,SN,252.31943830254602
708,01-01-01-02-09,01-01-01-01-07,SN,SN,202.31943830254602
709,01-01-01-02-09,01-01-01-01-08,SN,SN,152.31943830254602
710,01-01-01-02-09,01-01-01-01-09,SN,SN,102.319438302546
711,01-01-01-02-09,01-01-01-01-10,SN,SN,52.319438302545606
712,01-01-01-02-09,01-01-01-02-01,SN,SN,450.0
713,01-01-01-02-09,01-01-01-02-02,SN,SN,400.0
714,01-01-01-02-09,01-01-01-02-03,SN,SN,350.0
715,01-01-01-02-09,01-01-01-02-04,SN,SN,300.0
716,01-01-01-02-09,01-01-01-02-05,SN,SN,250.0
717,01-01-01-02-09,01-01-01-02-06,SN,SN,200.0
718,01-01-01-02-09,01-01-01-02-07,SN,SN,150.0
719,01-01-01-02-09,01-01-01-02-08,SN,SN,100.0
720,01-01-01-02-09,01-01-01-02-10,SN,SN,0.0
721,01-01-01-02-09,01-01-01-03-01,SN,SN,502.319438302546
722,01-01-01-02-09,01-01-01-03-02,SN,SN,452.319438302546
723,01-01-01-02-09,01-01-01-03-03,SN,SN,402.319438302546
724,01-01-01-02-09,01-01-01-03-04,SN,SN,352.319438302546
725,01-01-01-02-09,01-01-01-03-05,SN,SN,302.319438302546
726,01-01-01-02-09,01-01-01-03-06,SN,SN,252.31943830254602
727,01-01-01-02-09,01-01-01-03-07,SN,SN,202.31943830254602
728,01-01-01-02-09,01-01-01-03-08,SN,SN,152.31943830254602
729,01-01-01-02-09,01-01-01-03-09,SN,SN,102.319438302546
730,01-01-01-02-09,01-01-01-03-10,SN,SN,52.319438302545606
731,01-01-01-02-09,01-01-01-04-01,SN,SN,554.638876605091
732,01-01-01-02-09,01-01-01-04-02,SN,SN,504.638876605091
733,01-01-01-02-09,01-01-01-04-03,SN,SN,454.638876605091
734,01-01-01-02-09,01-01-01-04-04,SN,SN,404.638876605091
735,01-01-01-02-09,01-01-01-04-05,SN,SN,354.638876605091
736,01-01-01-02-09,01-01-01-04-06,SN,SN,304.638876605091
737,01-01-01-02-09,01-01-01-04-07,SN,SN,254.638876605091
738,01-01-01-02-09,01-01-01-04-08,SN,SN,204.638876605091
739,01-01-01-02-09,01-01-01-04-09,SN,SN,154.638876605091
740,01-01-01-02-09,01-01-01-04-10,SN,SN,104.638876605091
741,01-01-01-02-10,01-01-01-01-01,SN,SN,552.319438302546
742,01-01-01-02-10,01-01-01-01-02,SN,SN,502.319438302546
743,01-01-01-02-10,01-01-01-01-03,SN,SN,452.319438302546
744,01-01-01-02-10,01-01-01-01-04,SN,SN,402.319438302546
745,01-01-01-02-10,01-01-01-01-05,SN,SN,352.319438302546
746,01-01-01-02-10,01-01-01-01-06,SN,SN,302.319438302546
747,01-01-01-02-10,01-01-01-01-07,SN,SN,252.31943830254602
748,01-01-01-02-10,01-01-01-01-08,SN,SN,202.31943830254602
749,01-01-01-02-10,01-01-01-01-09,SN,SN,152.31943830254602
750,01-01-01-02-10,01-01-01-01-10,SN,SN,102.319438302546
751,01-01-01-02-10,01-01-01-02-01,SN,SN,500.0
752,01-01-01-02-10,01-01-01-02-02,SN,SN,450.0
753,01-01-01-02-10,01-01-01-02-03,SN,SN,400.0
754,01-01-01-02-10,01-01-01-02-04,SN,SN,350.0
755,01-01-01-02-10,01-01-01-02-05,SN,SN,300.0
756,01-01-01-02-10,01-01-01-02-06,SN,SN,250.0
757,01-01-01-02-10,01-01-01-02-07,SN,SN,200.0
758,01-01-01-02-10,01-01-01-02-08,SN,SN,150.0
759,01-01-01-02-10,01-01-01-02-09,SN,SN,100.0
760,01-01-01-02-10,01-01-01-03-01,SN,SN,552.319438302546
761,01-01-01-02-10,01-01-01-03-02,SN,SN,502.319438302546
762,01-01-01-02-10,01-01-01-03-03,SN,SN,452.319438302546
763,01-01-01-02-10,01-01-01-03-04,SN,SN,402.319438302546
764,01-01-01-02-10,01-01-01-03-05,SN,SN,352.319438302546
765,01-01-01-02-10,01-01-01-03-06,SN,SN,302.319438302546
766,01-01-01-02-10,01-01-01-03-07,SN,SN,252.31943830254602
767,01-01-01-02-10,01-01-01-03-08,SN,SN,202.31943830254602
768,01-01-01-02-10,01-01-01-03-09,SN,SN,152.31943830254602
769,01-01-01-02-10,01-01-01-03-10,SN,SN,102.319438302546
770,01-01-01-02-10,01-01-01-04-01,SN,SN,604.638876605091
771,01-01-01-02-10,01-01-01-04-02,SN,SN,554.638876605091
772,01-01-01-02-10,01-01-01-04-03,SN,SN,504.638876605091
773,01-01-01-02-10,01-01-01-04-04,SN,SN,454.638876605091
774,01-01-01-02-10,01-01-01-04-05,SN,SN,404.638876605091
775,01-01-01-02-10,01-01-01-04-06,SN,SN,354.638876605091
776,01-01-01-02-10,01-01-01-04-07,SN,SN,304.638876605091
777,01-01-01-02-10,01-01-01-04-08,SN,SN,254.638876605091
778,01-01-01-02-10,01-01-01-04-09,SN,SN,204.638876605091
779,01-01-01-02-10,01-01-01-04-10,SN,SN,154.638876605091
780,01-01-01-03-01,01-01-01-01-01,SN,SN,154.638876605091
781,01-01-01-03-01,01-01-01-01-02,SN,SN,104.638876605091
782,01-01-01-03-01,01-01-01-01-03,SN,SN,154.638876605091
783,01-01-01-03-01,01-01-01-01-04,SN,SN,204.638876605091
784,01-01-01-03-01,01-01-01-01-05,SN,SN,254.638876605091
785,01-01-01-03-01,01-01-01-01-06,SN,SN,304.638876605091
786,01-01-01-03-01,01-01-01-01-07,SN,SN,354.638876605091
787,01-01-01-03-01,01-01-01-01-08,SN,SN,404.638876605091
788,01-01-01-03-01,01-01-01-01-09,SN,SN,454.638876605091
789,01-01-01-03-01,01-01-01-01-10,SN,SN,504.638876605091
790,01-01-01-03-01,01-01-01-02-01,SN,SN,102.319438302546
791,01-01-01-03-01,01-01-01-02-02,SN,SN,52.319438302545606
792,01-01-01-03-01,01-01-01-02-03,SN,SN,102.319438302546
793,01-01-01-03-01,01-01-01-02-04,SN,SN,152.31943830254602
794,01-01-01-03-01,01-01-01-02-05,SN,SN,202.31943830254602
795,01-01-01-03-01,01-01-01-02-06,SN,SN,252.31943830254602
796,01-01-01-03-01,01-01-01-02-07,SN,SN,302.319438302546
797,01-01-01-03-01,01-01-01-02-08,SN,SN,352.319438302546
798,01-01-01-03-01,01-01-01-02-09,SN,SN,402.319438302546
799,01-01-01-03-01,01-01-01-02-10,SN,SN,452.319438302546
800,01-01-01-03-01,01-01-01-03-02,SN,SN,0.0
801,01-01-01-03-01,01-01-01-03-03,SN,SN,50.0
802,01-01-01-03-01,01-01-01-03-04,SN,SN,100.0
803,01-01-01-03-01,01-01-01-03-05,SN,SN,150.0
804,01-01-01-03-01,01-01-01-03-06,SN,SN,200.0
805,01-01-01-03-01,01-01-01-03-07,SN,SN,250.0
806,01-01-01-03-01,01-01-01-03-08,SN,SN,300.0
807,01-01-01-03-01,01-01-01-03-09,SN,SN,350.0
808,01-01-01-03-01,01-01-01-03-10,SN,SN,400.0
809,01-01-01-03-01,01-01-01-04-01,SN,SN,102.319438302546
810,01-01-01-03-01,01-01-01-04-02,SN,SN,52.319438302545606
811,01-01-01-03-01,01-01-01-04-03,SN,SN,102.319438302546
812,01-01-01-03-01,01-01-01-04-04,SN,SN,152.31943830254602
813,01-01-01-03-01,01-01-01-04-05,SN,SN,202.31943830254602
814,01-01-01-03-01,01-01-01-04-06,SN,SN,252.31943830254602
815,01-01-01-03-01,01-01-01-04-07,SN,SN,302.319438302546
816,01-01-01-03-01,01-01-01-04-08,SN,SN,352.319438302546
817,01-01-01-03-01,01-01-01-04-09,SN,SN,402.319438302546
818,01-01-01-03-01,01-01-01-04-10,SN,SN,452.319438302546
819,01-01-01-03-02,01-01-01-01-01,SN,SN,204.638876605091
820,01-01-01-03-02,01-01-01-01-02,SN,SN,154.638876605091
821,01-01-01-03-02,01-01-01-01-03,SN,SN,104.638876605091
822,01-01-01-03-02,01-01-01-01-04,SN,SN,154.638876605091
823,01-01-01-03-02,01-01-01-01-05,SN,SN,204.638876605091
824,01-01-01-03-02,01-01-01-01-06,SN,SN,254.638876605091
825,01-01-01-03-02,01-01-01-01-07,SN,SN,304.638876605091
826,01-01-01-03-02,01-01-01-01-08,SN,SN,354.638876605091
827,01-01-01-03-02,01-01-01-01-09,SN,SN,404.638876605091
828,01-01-01-03-02,01-01-01-01-10,SN,SN,454.638876605091
829,01-01-01-03-02,01-01-01-02-01,SN,SN,152.31943830254602
830,01-01-01-03-02,01-01-01-02-02,SN,SN,102.319438302546
831,01-01-01-03-02,01-01-01-02-03,SN,SN,52.319438302545606
832,01-01-01-03-02,01-01-01-02-04,SN,SN,102.319438302546
833,01-01-01-03-02,01-01-01-02-05,SN,SN,152.31943830254602
834,01-01-01-03-02,01-01-01-02-06,SN,SN,202.31943830254602
835,01-01-01-03-02,01-01-01-02-07,SN,SN,252.31943830254602
836,01-01-01-03-02,01-01-01-02-08,SN,SN,302.319438302546
837,01-01-01-03-02,01-01-01-02-09,SN,SN,352.319438302546
838,01-01-01-03-02,01-01-01-02-10,SN,SN,402.319438302546
839,01-01-01-03-02,01-01-01-03-01,SN,SN,100.0
840,01-01-01-03-02,01-01-01-03-03,SN,SN,0.0
841,01-01-01-03-02,01-01-01-03-04,SN,SN,50.0
842,01-01-01-03-02,01-01-01-03-05,SN,SN,100.0
843,01-01-01-03-02,01-01-01-03-06,SN,SN,150.0
844,01-01-01-03-02,01-01-01-03-07,SN,SN,200.0
845,01-01-01-03-02,01-01-01-03-08,SN,SN,250.0
846,01-01-01-03-02,01-01-01-03-09,SN,SN,300.0
847,01-01-01-03-02,01-01-01-03-10,SN,SN,350.0
848,01-01-01-03-02,01-01-01-04-01,SN,SN,152.31943830254602
849,01-01-01-03-02,01-01-01-04-02,SN,SN,102.319438302546
850,01-01-01-03-02,01-01-01-04-03,SN,SN,52.319438302545606
851,01-01-01-03-02,01-01-01-04-04,SN,SN,102.319438302546
852,01-01-01-03-02,01-01-01-04-05,SN,SN,152.31943830254602
853,01-01-01-03-02,01-01-01-04-06,SN,SN,202.31943830254602
854,01-01-01-03-02,01-01-01-04-07,SN,SN,252.31943830254602
855,01-01-01-03-02,01-01-01-04-08,SN,SN,302.319438302546
856,01-01-01-03-02,01-01-01-04-09,SN,SN,352.319438302546
857,01-01-01-03-02,01-01-01-04-10,SN,SN,402.319438302546
858,01-01-01-03-03,01-01-01-01-01,SN,SN,254.638876605091
859,01-01-01-03-03,01-01-01-01-02,SN,SN,204.638876605091
860,01-01-01-03-03,01-01-01-01-03,SN,SN,154.638876605091
861,01-01-01-03-03,01-01-01-01-04,SN,SN,104.638876605091
862,01-01-01-03-03,01-01-01-01-05,SN,SN,154.638876605091
863,01-01-01-03-03,01-01-01-01-06,SN,SN,204.638876605091
864,01-01-01-03-03,01-01-01-01-07,SN,SN,254.638876605091
865,01-01-01-03-03,01-01-01-01-08,SN,SN,304.638876605091
866,01-01-01-03-03,01-01-01-01-09,SN,SN,354.638876605091
867,01-01-01-03-03,01-01-01-01-10,SN,SN,404.638876605091
868,01-01-01-03-03,01-01-01-02-01,SN,SN,202.31943830254602
869,01-01-01-03-03,01-01-01-02-02,SN,SN,152.31943830254602
870,01-01-01-03-03,01-01-01-02-03,SN,SN,102.319438302546
871,01-01-01-03-03,01-01-01-02-04,SN,SN,52.319438302545606
872,01-01-01-03-03,01-01-01-02-05,SN,SN,102.319438302546
873,01-01-01-03-03,01-01-01-02-06,SN,SN,152.31943830254602
874,01-01-01-03-03,01-01-01-02-07,SN,SN,202.31943830254602
875,01-01-01-03-03,01-01-01-02-08,SN,SN,252.31943830254602
876,01-01-01-03-03,01-01-01-02-09,SN,SN,302.319438302546
877,01-01-01-03-03,01-01-01-02-10,SN,SN,352.319438302546
878,01-01-01-03-03,01-01-01-03-01,SN,SN,150.0
879,01-01-01-03-03,01-01-01-03-02,SN,SN,100.0
880,01-01-01-03-03,01-01-01-03-04,SN,SN,0.0
881,01-01-01-03-03,01-01-01-03-05,SN,SN,50.0
882,01-01-01-03-03,01-01-01-03-06,SN,SN,100.0
883,01-01-01-03-03,01-01-01-03-07,SN,SN,150.0
884,01-01-01-03-03,01-01-01-03-08,SN,SN,200.0
885,01-01-01-03-03,01-01-01-03-09,SN,SN,250.0
886,01-01-01-03-03,01-01-01-03-10,SN,SN,300.0
887,01-01-01-03-03,01-01-01-04-01,SN,SN,202.31943830254602
888,01-01-01-03-03,01-01-01-04-02,SN,SN,152.31943830254602
889,01-01-01-03-03,01-01-01-04-03,SN,SN,102.319438302546
890,01-01-01-03-03,01-01-01-04-04,SN,SN,52.319438302545606
891,01-01-01-03-03,01-01-01-04-05,SN,SN,102.319438302546
892,01-01-01-03-03,01-01-01-04-06,SN,SN,152.31943830254602
893,01-01-01-03-03,01-01-01-04-07,SN,SN,202.31943830254602
894,01-01-01-03-03,01-01-01-04-08,SN,SN,252.31943830254602
895,01-01-01-03-03,01-01-01-04-09,SN,SN,302.319438302546
896,01-01-01-03-03,01-01-01-04-10,SN,SN,352.319438302546
897,01-01-01-03-04,01-01-01-01-01,SN,SN,304.638876605091
898,01-01-01-03-04,01-01-01-01-02,SN,SN,254.638876605091
899,01-01-01-03-04,01-01-01-01-03,SN,SN,204.638876605091
900,01-01-01-03-04,01-01-01-01-04,SN,SN,154.638876605091
901,01-01-01-03-04,01-01-01-01-05,SN,SN,104.638876605091
902,01-01-01-03-04,01-01-01-01-06,SN,SN,154.638876605091
903,01-01-01-03-04,01-01-01-01-07,SN,SN,204.638876605091
904,01-01-01-03-04,01-01-01-01-08,SN,SN,254.638876605091
905,01-01-01-03-04,01-01-01-01-09,SN,SN,304.638876605091
906,01-01-01-03-04,01-01-01-01-10,SN,SN,354.638876605091
907,01-01-01-03-04,01-01-01-02-01,SN,SN,252.31943830254602
908,01-01-01-03-04,01-01-01-02-02,SN,SN,202.31943830254602
909,01-01-01-03-04,01-01-01-02-03,SN,SN,152.31943830254602
910,01-01-01-03-04,01-01-01-02-04,SN,SN,102.319438302546
911,01-01-01-03-04,01-01-01-02-05,SN,SN,52.319438302545606
912,01-01-01-03-04,01-01-01-02-06,SN,SN,102.319438302546
913,01-01-01-03-04,01-01-01-02-07,SN,SN,152.31943830254602
914,01-01-01-03-04,01-01-01-02-08,SN,SN,202.31943830254602
915,01-01-01-03-04,01-01-01-02-09,SN,SN,252.31943830254602
916,01-01-01-03-04,01-01-01-02-10,SN,SN,302.319438302546
917,01-01-01-03-04,01-01-01-03-01,SN,SN,200.0
918,01-01-01-03-04,01-01-01-03-02,SN,SN,150.0
919,01-01-01-03-04,01-01-01-03-03,SN,SN,100.0
920,01-01-01-03-04,01-01-01-03-05,SN,SN,0.0
921,01-01-01-03-04,01-01-01-03-06,SN,SN,50.0
922,01-01-01-03-04,01-01-01-03-07,SN,SN,100.0
923,01-01-01-03-04,01-01-01-03-08,SN,SN,150.0
924,01-01-01-03-04,01-01-01-03-09,SN,SN,200.0
925,01-01-01-03-04,01-01-01-03-10,SN,SN,250.0
926,01-01-01-03-04,01-01-01-04-01,SN,SN,252.31943830254602
927,01-01-01-03-04,01-01-01-04-02,SN,SN,202.31943830254602
928,01-01-01-03-04,01-01-01-04-03,SN,SN,152.31943830254602
929,01-01-01-03-04,01-01-01-04-04,SN,SN,102.319438302546
930,01-01-01-03-04,01-01-01-04-05,SN,SN,52.319438302545606
931,01-01-01-03-04,01-01-01-04-06,SN,SN,102.319438302546
932,01-01-01-03-04,01-01-01-04-07,SN,SN,152.31943830254602
933,01-01-01-03-04,01-01-01-04-08,SN,SN,202.31943830254602
934,01-01-01-03-04,01-01-01-04-09,SN,SN,252.31943830254602
935,01-01-01-03-04,01-01-01-04-10,SN,SN,302.319438302546
936,01-01-01-03-05,01-01-01-01-01,SN,SN,354.638876605091
937,01-01-01-03-05,01-01-01-01-02,SN,SN,304.638876605091
938,01-01-01-03-05,01-01-01-01-03,SN,SN,254.638876605091
939,01-01-01-03-05,01-01-01-01-04,SN,SN,204.638876605091
940,01-01-01-03-05,01-01-01-01-05,SN,SN,154.638876605091
941,01-01-01-03-05,01-01-01-01-06,SN,SN,104.638876605091
942,01-01-01-03-05,01-01-01-01-07,SN,SN,154.638876605091
943,01-01-01-03-05,01-01-01-01-08,SN,SN,204.638876605091
944,01-01-01-03-05,01-01-01-01-09,SN,SN,254.638876605091
945,01-01-01-03-05,01-01-01-01-10,SN,SN,304.638876605091
946,01-01-01-03-05,01-01-01-02-01,SN,SN,302.319438302546
947,01-01-01-03-05,01-01-01-02-02,SN,SN,252.31943830254602
948,01-01-01-03-05,01-01-01-02-03,SN,SN,202.31943830254602
949,01-01-01-03-05,01-01-01-02-04,SN,SN,152.31943830254602
950,01-01-01-03-05,01-01-01-02-05,SN,SN,102.319438302546
951,01-01-01-03-05,01-01-01-02-06,SN,SN,52.319438302545606
952,01-01-01-03-05,01-01-01-02-07,SN,SN,102.319438302546
953,01-01-01-03-05,01-01-01-02-08,SN,SN,152.31943830254602
954,01-01-01-03-05,01-01-01-02-09,SN,SN,202.31943830254602
955,01-01-01-03-05,01-01-01-02-10,SN,SN,252.31943830254602
956,01-01-01-03-05,01-01-01-03-01,SN,SN,250.0
957,01-01-01-03-05,01-01-01-03-02,SN,SN,200.0
958,01-01-01-03-05,01-01-01-03-03,SN,SN,150.0
959,01-01-01-03-05,01-01-01-03-04,SN,SN,100.0
960,01-01-01-03-05,01-01-01-03-06,SN,SN,0.0
961,01-01-01-03-05,01-01-01-03-07,SN,SN,50.0
962,01-01-01-03-05,01-01-01-03-08,SN,SN,100.0
963,01-01-01-03-05,01-01-01-03-09,SN,SN,150.0
964,01-01-01-03-05,01-01-01-03-10,SN,SN,200.0
965,01-01-01-03-05,01-01-01-04-01,SN,SN,302.319438302546
966,01-01-01-03-05,01-01-01-04-02,SN,SN,252.31943830254602
967,01-01-01-03-05,01-01-01-04-03,SN,SN,202.31943830254602
968,01-01-01-03-05,01-01-01-04-04,SN,SN,152.31943830254602
969,01-01-01-03-05,01-01-01-04-05,SN,SN,102.319438302546
970,01-01-01-03-05,01-01-01-04-06,SN,SN,52.319438302545606
971,01-01-01-03-05,01-01-01-04-07,SN,SN,102.319438302546
972,01-01-01-03-05,01-01-01-04-08,SN,SN,152.31943830254602
973,01-01-01-03-05,01-01-01-04-09,SN,SN,202.31943830254602
974,01-01-01-03-05,01-01-01-04-10,SN,SN,252.31943830254602
975,01-01-01-03-06,01-01-01-01-01,SN,SN,404.638876605091
976,01-01-01-03-06,01-01-01-01-02,SN,SN,354.638876605091
977,01-01-01-03-06,01-01-01-01-03,SN,SN,304.638876605091
978,01-01-01-03-06,01-01-01-01-04,SN,SN,254.638876605091
979,01-01-01-03-06,01-01-01-01-05,SN,SN,204.638876605091
980,01-01-01-03-06,01-01-01-01-06,SN,SN,154.638876605091
981,01-01-01-03-06,01-01-01-01-07,SN,SN,104.638876605091
982,01-01-01-03-06,01-01-01-01-08,SN,SN,154.638876605091
983,01-01-01-03-06,01-01-01-01-09,SN,SN,204.638876605091
984,01-01-01-03-06,01-01-01-01-10,SN,SN,254.638876605091
985,01-01-01-03-06,01-01-01-02-01,SN,SN,352.319438302546
986,01-01-01-03-06,01-01-01-02-02,SN,SN,302.319438302546
987,01-01-01-03-06,01-01-01-02-03,SN,SN,252.31943830254602
988,01-01-01-03-06,01-01-01-02-04,SN,SN,202.31943830254602
989,01-01-01-03-06,01-01-01-02-05,SN,SN,152.31943830254602
990,01-01-01-03-06,01-01-01-02-06,SN,SN,102.319438302546
991,01-01-01-03-06,01-01-01-02-07,SN,SN,52.319438302545606
992,01-01-01-03-06,01-01-01-02-08,SN,SN,102.319438302546
993,01-01-01-03-06,01-01-01-02-09,SN,SN,152.31943830254602
994,01-01-01-03-06,01-01-01-02-10,SN,SN,202.31943830254602
995,01-01-01-03-06,01-01-01-03-01,SN,SN,300.0
996,01-01-01-03-06,01-01-01-03-02,SN,SN,250.0
997,01-01-01-03-06,01-01-01-03-03,SN,SN,200.0
998,01-01-01-03-06,01-01-01-03-04,SN,SN,150.0
999,01-01-01-03-06,01-01-01-03-05,SN,SN,100.0
1000,01-01-01-03-06,01-01-01-03-07,SN,SN,0.0
1001,01-01-01-03-06,01-01-01-03-08,SN,SN,50.0
1002,01-01-01-03-06,01-01-01-03-09,SN,SN,100.0
1003,01-01-01-03-06,01-01-01-03-10,SN,SN,150.0
1004,01-01-01-03-06,01-01-01-04-01,SN,SN,352.319438302546
1005,01-01-01-03-06,01-01-01-04-02,SN,SN,302.319438302546
1006,01-01-01-03-06,01-01-01-04-03,SN,SN,252.31943830254602
1007,01-01-01-03-06,01-01-01-04-04,SN,SN,202.31943830254602
1008,01-01-01-03-06,01-01-01-04-05,SN,SN,152.31943830254602
1009,01-01-01-03-06,01-01-01-04-06,SN,SN,102.319438302546
1010,01-01-01-03-06,01-01-01-04-07,SN,SN,52.319438302545606
1011,01-01-01-03-06,01-01-01-04-08,SN,SN,102.319438302546
1012,01-01-01-03-06,01-01-01-04-09,SN,SN,152.31943830254602
1013,01-01-01-03-06,01-01-01-04-10,SN,SN,202.31943830254602
1014,01-01-01-03-07,01-01-01-01-01,SN,SN,454.638876605091
1015,01-01-01-03-07,01-01-01-01-02,SN,SN,404.638876605091
1016,01-01-01-03-07,01-01-01-01-03,SN,SN,354.638876605091
1017,01-01-01-03-07,01-01-01-01-04,SN,SN,304.638876605091
1018,01-01-01-03-07,01-01-01-01-05,SN,SN,254.638876605091
1019,01-01-01-03-07,01-01-01-01-06,SN,SN,204.638876605091
1020,01-01-01-03-07,01-01-01-01-07,SN,SN,154.638876605091
1021,01-01-01-03-07,01-01-01-01-08,SN,SN,104.638876605091
1022,01-01-01-03-07,01-01-01-01-09,SN,SN,154.638876605091
1023,01-01-01-03-07,01-01-01-01-10,SN,SN,204.638876605091
1024,01-01-01-03-07,01-01-01-02-01,SN,SN,402.319438302546
1025,01-01-01-03-07,01-01-01-02-02,SN,SN,352.319438302546
1026,01-01-01-03-07,01-01-01-02-03,SN,SN,302.319438302546
1027,01-01-01-03-07,01-01-01-02-04,SN,SN,252.31943830254602
1028,01-01-01-03-07,01-01-01-02-05,SN,SN,202.31943830254602
1029,01-01-01-03-07,01-01-01-02-06,SN,SN,152.31943830254602
1030,01-01-01-03-07,01-01-01-02-07,SN,SN,102.319438302546
1031,01-01-01-03-07,01-01-01-02-08,SN,SN,52.319438302545606
1032,01-01-01-03-07,01-01-01-02-09,SN,SN,102.319438302546
1033,01-01-01-03-07,01-01-01-02-10,SN,SN,152.31943830254602
1034,01-01-01-03-07,01-01-01-03-01,SN,SN,350.0
1035,01-01-01-03-07,01-01-01-03-02,SN,SN,300.0
1036,01-01-01-03-07,01-01-01-03-03,SN,SN,250.0
1037,01-01-01-03-07,01-01-01-03-04,SN,SN,200.0
1038,01-01-01-03-07,01-01-01-03-05,SN,SN,150.0
1039,01-01-01-03-07,01-01-01-03-06,SN,SN,100.0
1040,01-01-01-03-07,01-01-01-03-08,SN,SN,0.0
1041,01-01-01-03-07,01-01-01-03-09,SN,SN,50.0
1042,01-01-01-03-07,01-01-01-03-10,SN,SN,100.0
1043,01-01-01-03-07,01-01-01-04-01,SN,SN,402.319438302546
1044,01-01-01-03-07,01-01-01-04-02,SN,SN,352.319438302546
1045,01-01-01-03-07,01-01-01-04-03,SN,SN,302.319438302546
1046,01-01-01-03-07,01-01-01-04-04,SN,SN,252.31943830254602
1047,01-01-01-03-07,01-01-01-04-05,SN,SN,202.31943830254602
1048,01-01-01-03-07,01-01-01-04-06,SN,SN,152.31943830254602
1049,01-01-01-03-07,01-01-01-04-07,SN,SN,102.319438302546
1050,01-01-01-03-07,01-01-01-04-08,SN,SN,52.319438302545606
1051,01-01-01-03-07,01-01-01-04-09,SN,SN,102.319438302546
1052,01-01-01-03-07,01-01-01-04-10,SN,SN,152.31943830254602
1053,01-01-01-03-08,01-01-01-01-01,SN,SN,504.638876605091
1054,01-01-01-03-08,01-01-01-01-02,SN,SN,454.638876605091
1055,01-01-01-03-08,01-01-01-01-03,SN,SN,404.638876605091
1056,01-01-01-03-08,01-01-01-01-04,SN,SN,354.638876605091
1057,01-01-01-03-08,01-01-01-01-05,SN,SN,304.638876605091
1058,01-01-01-03-08,01-01-01-01-06,SN,SN,254.638876605091
1059,01-01-01-03-08,01-01-01-01-07,SN,SN,204.638876605091
1060,01-01-01-03-08,01-01-01-01-08,SN,SN,154.638876605091
1061,01-01-01-03-08,01-01-01-01-09,SN,SN,104.638876605091
1062,01-01-01-03-08,01-01-01-01-10,SN,SN,154.638876605091
1063,01-01-01-03-08,01-01-01-02-01,SN,SN,452.319438302546
1064,01-01-01-03-08,01-01-01-02-02,SN,SN,402.319438302546
1065,01-01-01-03-08,01-01-01-02-03,SN,SN,352.319438302546
1066,01-01-01-03-08,01-01-01-02-04,SN,SN,302.319438302546
1067,01-01-01-03-08,01-01-01-02-05,SN,SN,252.31943830254602
1068,01-01-01-03-08,01-01-01-02-06,SN,SN,202.31943830254602
1069,01-01-01-03-08,01-01-01-02-07,SN,SN,152.31943830254602
1070,01-01-01-03-08,01-01-01-02-08,SN,SN,102.319438302546
1071,01-01-01-03-08,01-01-01-02-09,SN,SN,52.319438302545606
1072,01-01-01-03-08,01-01-01-02-10,SN,SN,102.319438302546
1073,01-01-01-03-08,01-01-01-03-01,SN,SN,400.0
1074,01-01-01-03-08,01-01-01-03-02,SN,SN,350.0
1075,01-01-01-03-08,01-01-01-03-03,SN,SN,300.0
1076,01-01-01-03-08,01-01-01-03-04,SN,SN,250.0
1077,01-01-01-03-08,01-01-01-03-05,SN,SN,200.0
1078,01-01-01-03-08,01-01-01-03-06,SN,SN,150.0
1079,01-01-01-03-08,01-01-01-03-07,SN,SN,100.0
1080,01-01-01-03-08,01-01-01-03-09,SN,SN,0.0
1081,01-01-01-03-08,01-01-01-03-10,SN,SN,50.0
1082,01-01-01-03-08,01-01-01-04-01,SN,SN,452.319438302546
1083,01-01-01-03-08,01-01-01-04-02,SN,SN,402.319438302546
1084,01-01-01-03-08,01-01-01-04-03,SN,SN,352.319438302546
1085,01-01-01-03-08,01-01-01-04-04,SN,SN,302.319438302546
1086,01-01-01-03-08,01-01-01-04-05,SN,SN,252.31943830254602
1087,01-01-01-03-08,01-01-01-04-06,SN,SN,202.31943830254602
1088,01-01-01-03-08,01-01-01-04-07,SN,SN,152.31943830254602
1089,01-01-01-03-08,01-01-01-04-08,SN,SN,102.319438302546
1090,01-01-01-03-08,01-01-01-04-09,SN,SN,52.319438302545606
1091,01-01-01-03-08,01-01-01-04-10,SN,SN,102.319438302546
1092,01-01-01-03-09,01-01-01-01-01,SN,SN,554.638876605091
1093,01-01-01-03-09,01-01-01-01-02,SN,SN,504.638876605091
1094,01-01-01-03-09,01-01-01-01-03,SN,SN,454.638876605091
1095,01-01-01-03-09,01-01-01-01-04,SN,SN,404.638876605091
1096,01-01-01-03-09,01-01-01-01-05,SN,SN,354.638876605091
1097,01-01-01-03-09,01-01-01-01-06,SN,SN,304.638876605091
1098,01-01-01-03-09,01-01-01-01-07,SN,SN,254.638876605091
1099,01-01-01-03-09,01-01-01-01-08,SN,SN,204.638876605091
1100,01-01-01-03-09,01-01-01-01-09,SN,SN,154.638876605091
1101,01-01-01-03-09,01-01-01-01-10,SN,SN,104.638876605091
1102,01-01-01-03-09,01-01-01-02-01,SN,SN,502.319438302546
1103,01-01-01-03-09,01-01-01-02-02,SN,SN,452.319438302546
1104,01-01-01-03-09,01-01-01-02-03,SN,SN,402.319438302546
1105,01-01-01-03-09,01-01-01-02-04,SN,SN,352.319438302546
1106,01-01-01-03-09,01-01-01-02-05,SN,SN,302.319438302546
1107,01-01-01-03-09,01-01-01-02-06,SN,SN,252.31943830254602
1108,01-01-01-03-09,01-01-01-02-07,SN,SN,202.31943830254602
1109,01-01-01-03-09,01-01-01-02-08,SN,SN,152.31943830254602
1110,01-01-01-03-09,01-01-01-02-09,SN,SN,102.319438302546
1111,01-01-01-03-09,01-01-01-02-10,SN,SN,52.319438302545606
1112,01-01-01-03-09,01-01-01-03-01,SN,SN,450.0
1113,01-01-01-03-09,01-01-01-03-02,SN,SN,400.0
1114,01-01-01-03-09,01-01-01-03-03,SN,SN,350.0
1115,01-01-01-03-09,01-01-01-03-04,SN,SN,300.0
1116,01-01-01-03-09,01-01-01-03-05,SN,SN,250.0
1117,01-01-01-03-09,01-01-01-03-06,SN,SN,200.0
1118,01-01-01-03-09,01-01-01-03-07,SN,SN,150.0
1119,01-01-01-03-09,01-01-01-03-08,SN,SN,100.0
1120,01-01-01-03-09,01-01-01-03-10,SN,SN,0.0
1121,01-01-01-03-09,01-01-01-04-01,SN,SN,502.319438302546
1122,01-01-01-03-09,01-01-01-04-02,SN,SN,452.319438302546
1123,01-01-01-03-09,01-01-01-04-03,SN,SN,402.319438302546
1124,01-01-01-03-09,01-01-01-04-04,SN,SN,352.319438302546
1125,01-01-01-03-09,01-01-01-04-05,SN,SN,302.319438302546
1126,01-01-01-03-09,01-01-01-04-06,SN,SN,252.31943830254602
1127,01-01-01-03-09,01-01-01-04-07,SN,SN,202.31943830254602
1128,01-01-01-03-09,01-01-01-04-08,SN,SN,152.31943830254602
1129,01-01-01-03-09,01-01-01-04-09,SN,SN,102.319438302546
1130,01-01-01-03-09,01-01-01-04-10,SN,SN,52.319438302545606
1131,01-01-01-03-10,01-01-01-01-01,SN,SN,604.638876605091
1132,01-01-01-03-10,01-01-01-01-02,SN,SN,554.638876605091
1133,01-01-01-03-10,01-01-01-01-03,SN,SN,504.638876605091
1134,01-01-01-03-10,01-01-01-01-04,SN,SN,454.638876605091
1135,01-01-01-03-10,01-01-01-01-05,SN,SN,404.638876605091
1136,01-01-01-03-10,01-01-01-01-06,SN,SN,354.638876605091
1137,01-01-01-03-10,01-01-01-01-07,SN,SN,304.638876605091
1138,01-01-01-03-10,01-01-01-01-08,SN,SN,254.638876605091
1139,01-01-01-03-10,01-01-01-01-09,SN,SN,204.638876605091
1140,01-01-01-03-10,01-01-01-01-10,SN,SN,154.638876605091
1141,01-01-01-03-10,01-01-01-02-01,SN,SN,552.319438302546
1142,01-01-01-03-10,01-01-01-02-02,SN,SN,502.319438302546
1143,01-01-01-03-10,01-01-01-02-03,SN,SN,452.319438302546
1144,01-01-01-03-10,01-01-01-02-04,SN,SN,402.319438302546
1145,01-01-01-03-10,01-01-01-02-05,SN,SN,352.319438302546
1146,01-01-01-03-10,01-01-01-02-06,SN,SN,302.319438302546
1147,01-01-01-03-10,01-01-01-02-07,SN,SN,252.31943830254602
1148,01-01-01-03-10,01-01-01-02-08,SN,SN,202.31943830254602
1149,01-01-01-03-10,01-01-01-02-09,SN,SN,152.31943830254602
1150,01-01-01-03-10,01-01-01-02-10,SN,SN,102.319438302546
1151,01-01-01-03-10,01-01-01-03-01,SN,SN,500.0
1152,01-01-01-03-10,01-01-01-03-02,SN,SN,450.0
1153,01-01-01-03-10,01-01-01-03-03,SN,SN,400.0
1154,01-01-01-03-10,01-01-01-03-04,SN,SN,350.0
1155,01-01-01-03-10,01-01-01-03-05,SN,SN,300.0
1156,01-01-01-03-10,01-01-01-03-06,SN,SN,250.0
1157,01-01-01-03-10,01-01-01-03-07,SN,SN,200.0
1158,01-01-01-03-10,01-01-01-03-08,SN,SN,150.0
1159,01-01-01-03-10,01-01-01-03-09,SN,SN,100.0
1160,01-01-01-03-10,01-01-01-04-01,SN,SN,552.319438302546
1161,01-01-01-03-10,01-01-01-04-02,SN,SN,502.319438302546
1162,01-01-01-03-10,01-01-01-04-03,SN,SN,452.319438302546
1163,01-01-01-03-10,01-01-01-04-04,SN,SN,402.319438302546
1164,01-01-01-03-10,01-01-01-04-05,SN,SN,352.319438302546
1165,01-01-01-03-10,01-01-01-04-06,SN,SN,302.319438302546
1166,01-01-01-03-10,01-01-01-04-07,SN,SN,252.31943830254602
1167,01-01-01-03-10,01-01-01-04-08,SN,SN,202.31943830254602
1168,01-01-01-03-10,01-01-01-04-09,SN,SN,152.31943830254602
1169,01-01-01-03-10,01-01-01-04-10,SN,SN,102.319438302546
1170,01-01-01-04-01,01-01-01-01-01,SN,SN,206.95831490763698
1171,01-01-01-04-01,01-01-01-01-02,SN,SN,156.958314907637
1172,01-01-01-04-01,01-01-01-01-03,SN,SN,206.95831490763698
1173,01-01-01-04-01,01-01-01-01-04,SN,SN,256.958314907637
1174,01-01-01-04-01,01-01-01-01-05,SN,SN,306.958314907637
1175,01-01-01-04-01,01-01-01-01-06,SN,SN,356.95831490763703
1176,01-01-01-04-01,01-01-01-01-07,SN,SN,406.95831490763703
1177,01-01-01-04-01,01-01-01-01-08,SN,SN,456.95831490763703
1178,01-01-01-04-01,01-01-01-01-09,SN,SN,506.95831490763703
1179,01-01-01-04-01,01-01-01-01-10,SN,SN,556.958314907637
1180,01-01-01-04-01,01-01-01-02-01,SN,SN,154.638876605091
1181,01-01-01-04-01,01-01-01-02-02,SN,SN,104.638876605091
1182,01-01-01-04-01,01-01-01-02-03,SN,SN,154.638876605091
1183,01-01-01-04-01,01-01-01-02-04,SN,SN,204.638876605091
1184,01-01-01-04-01,01-01-01-02-05,SN,SN,254.638876605091
1185,01-01-01-04-01,01-01-01-02-06,SN,SN,304.638876605091
1186,01-01-01-04-01,01-01-01-02-07,SN,SN,354.638876605091
1187,01-01-01-04-01,01-01-01-02-08,SN,SN,404.638876605091
1188,01-01-01-04-01,01-01-01-02-09,SN,SN,454.638876605091
1189,01-01-01-04-01,01-01-01-02-10,SN,SN,504.638876605091
1190,01-01-01-04-01,01-01-01-03-01,SN,SN,102.319438302546
1191,01-01-01-04-01,01-01-01-03-02,SN,SN,52.319438302545606
1192,01-01-01-04-01,01-01-01-03-03,SN,SN,102.319438302546
1193,01-01-01-04-01,01-01-01-03-04,SN,SN,152.31943830254602
1194,01-01-01-04-01,01-01-01-03-05,SN,SN,202.31943830254602
1195,01-01-01-04-01,01-01-01-03-06,SN,SN,252.31943830254602
1196,01-01-01-04-01,01-01-01-03-07,SN,SN,302.319438302546
1197,01-01-01-04-01,01-01-01-03-08,SN,SN,352.319438302546
1198,01-01-01-04-01,01-01-01-03-09,SN,SN,402.319438302546
1199,01-01-01-04-01,01-01-01-03-10,SN,SN,452.319438302546
1200,01-01-01-04-01,01-01-01-04-02,SN,SN,0.0
1201,01-01-01-04-01,01-01-01-04-03,SN,SN,50.0
1202,01-01-01-04-01,01-01-01-04-04,SN,SN,100.0
1203,01-01-01-04-01,01-01-01-04-05,SN,SN,150.0
1204,01-01-01-04-01,01-01-01-04-06,SN,SN,200.0
1205,01-01-01-04-01,01-01-01-04-07,SN,SN,250.0
1206,01-01-01-04-01,01-01-01-04-08,SN,SN,300.0
1207,01-01-01-04-01,01-01-01-04-09,SN,SN,350.0
1208,01-01-01-04-01,01-01-01-04-10,SN,SN,400.0
1209,01-01-01-04-02,01-01-01-01-01,SN,SN,256.958314907637
1210,01-01-01-04-02,01-01-01-01-02,SN,SN,206.95831490763698
1211,01-01-01-04-02,01-01-01-01-03,SN,SN,156.958314907637
1212,01-01-01-04-02,01-01-01-01-04,SN,SN,206.95831490763698
1213,01-01-01-04-02,01-01-01-01-05,SN,SN,256.958314907637
1214,01-01-01-04-02,01-01-01-01-06,SN,SN,306.958314907637
1215,01-01-01-04-02,01-01-01-01-07,SN,SN,356.95831490763703
1216,01-01-01-04-02,01-01-01-01-08,SN,SN,406.95831490763703
1217,01-01-01-04-02,01-01-01-01-09,SN,SN,456.95831490763703
1218,01-01-01-04-02,01-01-01-01-10,SN,SN,506.95831490763703
1219,01-01-01-04-02,01-01-01-02-01,SN,SN,204.638876605091
1220,01-01-01-04-02,01-01-01-02-02,SN,SN,154.638876605091
1221,01-01-01-04-02,01-01-01-02-03,SN,SN,104.638876605091
1222,01-01-01-04-02,01-01-01-02-04,SN,SN,154.638876605091
1223,01-01-01-04-02,01-01-01-02-05,SN,SN,204.638876605091
1224,01-01-01-04-02,01-01-01-02-06,SN,SN,254.638876605091
1225,01-01-01-04-02,01-01-01-02-07,SN,SN,304.638876605091
1226,01-01-01-04-02,01-01-01-02-08,SN,SN,354.638876605091
1227,01-01-01-04-02,01-01-01-02-09,SN,SN,404.638876605091
1228,01-01-01-04-02,01-01-01-02-10,SN,SN,454.638876605091
1229,01-01-01-04-02,01-01-01-03-01,SN,SN,152.31943830254602
1230,01-01-01-04-02,01-01-01-03-02,SN,SN,102.319438302546
1231,01-01-01-04-02,01-01-01-03-03,SN,SN,52.319438302545606
1232,01-01-01-04-02,01-01-01-03-04,SN,SN,102.319438302546
1233,01-01-01-04-02,01-01-01-03-05,SN,SN,152.31943830254602
1234,01-01-01-04-02,01-01-01-03-06,SN,SN,202.31943830254602
1235,01-01-01-04-02,01-01-01-03-07,SN,SN,252.31943830254602
1236,01-01-01-04-02,01-01-01-03-08,SN,SN,302.319438302546
1237,01-01-01-04-02,01-01-01-03-09,SN,SN,352.319438302546
1238,01-01-01-04-02,01-01-01-03-10,SN,SN,402.319438302546
1239,01-01-01-04-02,01-01-01-04-01,SN,SN,100.0
1240,01-01-01-04-02,01-01-01-04-03,SN,SN,0.0
1241,01-01-01-04-02,01-01-01-04-04,SN,SN,50.0
1242,01-01-01-04-02,01-01-01-04-05,SN,SN,100.0
1243,01-01-01-04-02,01-01-01-04-06,SN,SN,150.0
1244,01-01-01-04-02,01-01-01-04-07,SN,SN,200.0
1245,01-01-01-04-02,01-01-01-04-08,SN,SN,250.0
1246,01-01-01-04-02,01-01-01-04-09,SN,SN,300.0
1247,01-01-01-04-02,01-01-01-04-10,SN,SN,350.0
1248,01-01-01-04-03,01-01-01-01-01,SN,SN,306.958314907637
1249,01-01-01-04-03,01-01-01-01-02,SN,SN,256.958314907637
1250,01-01-01-04-03,01-01-01-01-03,SN,SN,206.95831490763698
1251,01-01-01-04-03,01-01-01-01-04,SN,SN,156.958314907637
1252,01-01-01-04-03,01-01-01-01-05,SN,SN,206.95831490763698
1253,01-01-01-04-03,01-01-01-01-06,SN,SN,256.958314907637
1254,01-01-01-04-03,01-01-01-01-07,SN,SN,306.958314907637
1255,01-01-01-04-03,01-01-01-01-08,SN,SN,356.95831490763703
1256,01-01-01-04-03,01-01-01-01-09,SN,SN,406.95831490763703
1257,01-01-01-04-03,01-01-01-01-10,SN,SN,456.95831490763703
1258,01-01-01-04-03,01-01-01-02-01,SN,SN,254.638876605091
1259,01-01-01-04-03,01-01-01-02-02,SN,SN,204.638876605091
1260,01-01-01-04-03,01-01-01-02-03,SN,SN,154.638876605091
1261,01-01-01-04-03,01-01-01-02-04,SN,SN,104.638876605091
1262,01-01-01-04-03,01-01-01-02-05,SN,SN,154.638876605091
1263,01-01-01-04-03,01-01-01-02-06,SN,SN,204.638876605091
1264,01-01-01-04-03,01-01-01-02-07,SN,SN,254.638876605091
1265,01-01-01-04-03,01-01-01-02-08,SN,SN,304.638876605091
1266,01-01-01-04-03,01-01-01-02-09,SN,SN,354.638876605091
1267,01-01-01-04-03,01-01-01-02-10,SN,SN,404.638876605091
1268,01-01-01-04-03,01-01-01-03-01,SN,SN,202.31943830254602
1269,01-01-01-04-03,01-01-01-03-02,SN,SN,152.31943830254602
1270,01-01-01-04-03,01-01-01-03-03,SN,SN,102.319438302546
1271,01-01-01-04-03,01-01-01-03-04,SN,SN,52.319438302545606
1272,01-01-01-04-03,01-01-01-03-05,SN,SN,102.319438302546
1273,01-01-01-04-03,01-01-01-03-06,SN,SN,152.31943830254602
1274,01-01-01-04-03,01-01-01-03-07,SN,SN,202.31943830254602
1275,01-01-01-04-03,01-01-01-03-08,SN,SN,252.31943830254602
1276,01-01-01-04-03,01-01-01-03-09,SN,SN,302.319438302546
1277,01-01-01-04-03,01-01-01-03-10,SN,SN,352.319438302546
1278,01-01-01-04-03,01-01-01-04-01,SN,SN,150.0
1279,01-01-01-04-03,01-01-01-04-02,SN,SN,100.0
1280,01-01-01-04-03,01-01-01-04-04,SN,SN,0.0
1281,01-01-01-04-03,01-01-01-04-05,SN,SN,50.0
1282,01-01-01-04-03,01-01-01-04-06,SN,SN,100.0
1283,01-01-01-04-03,01-01-01-04-07,SN,SN,150.0
1284,01-01-01-04-03,01-01-01-04-08,SN,SN,200.0
1285,01-01-01-04-03,01-01-01-04-09,SN,SN,250.0
1286,01-01-01-04-03,01-01-01-04-10,SN,SN,300.0
1287,01-01-01-04-04,01-01-01-01-01,SN,SN,356.95831490763703
1288,01-01-01-04-04,01-01-01-01-02,SN,SN,306.958314907637
1289,01-01-01-04-04,01-01-01-01-03,SN,SN,256.958314907637
1290,01-01-01-04-04,01-01-01-01-04,SN,SN,206.95831490763698
1291,01-01-01-04-04,01-01-01-01-05,SN,SN,156.958314907637
1292,01-01-01-04-04,01-01-01-01-06,SN,SN,206.95831490763698
1293,01-01-01-04-04,01-01-01-01-07,SN,SN,256.958314907637
1294,01-01-01-04-04,01-01-01-01-08,SN,SN,306.958314907637
1295,01-01-01-04-04,01-01-01-01-09,SN,SN,356.95831490763703
1296,01-01-01-04-04,01-01-01-01-10,SN,SN,406.95831490763703
1297,01-01-01-04-04,01-01-01-02-01,SN,SN,304.638876605091
1298,01-01-01-04-04,01-01-01-02-02,SN,SN,254.638876605091
1299,01-01-01-04-04,01-01-01-02-03,SN,SN,204.638876605091
1300,01-01-01-04-04,01-01-01-02-04,SN,SN,154.638876605091
1301,01-01-01-04-04,01-01-01-02-05,SN,SN,104.638876605091
1302,01-01-01-04-04,01-01-01-02-06,SN,SN,154.638876605091
1303,01-01-01-04-04,01-01-01-02-07,SN,SN,204.638876605091
1304,01-01-01-04-04,01-01-01-02-08,SN,SN,254.638876605091
1305,01-01-01-04-04,01-01-01-02-09,SN,SN,304.638876605091
1306,01-01-01-04-04,01-01-01-02-10,SN,SN,354.638876605091
1307,01-01-01-04-04,01-01-01-03-01,SN,SN,252.31943830254602
1308,01-01-01-04-04,01-01-01-03-02,SN,SN,202.31943830254602
1309,01-01-01-04-04,01-01-01-03-03,SN,SN,152.31943830254602
1310,01-01-01-04-04,01-01-01-03-04,SN,SN,102.319438302546
1311,01-01-01-04-04,01-01-01-03-05,SN,SN,52.319438302545606
1312,01-01-01-04-04,01-01-01-03-06,SN,SN,102.319438302546
1313,01-01-01-04-04,01-01-01-03-07,SN,SN,152.31943830254602
1314,01-01-01-04-04,01-01-01-03-08,SN,SN,202.31943830254602
1315,01-01-01-04-04,01-01-01-03-09,SN,SN,252.31943830254602
1316,01-01-01-04-04,01-01-01-03-10,SN,SN,302.319438302546
1317,01-01-01-04-04,01-01-01-04-01,SN,SN,200.0
1318,01-01-01-04-04,01-01-01-04-02,SN,SN,150.0
1319,01-01-01-04-04,01-01-01-04-03,SN,SN,100.0
1320,01-01-01-04-04,01-01-01-04-05,SN,SN,0.0
1321,01-01-01-04-04,01-01-01-04-06,SN,SN,50.0
1322,01-01-01-04-04,01-01-01-04-07,SN,SN,100.0
1323,01-01-01-04-04,01-01-01-04-08,SN,SN,150.0
1324,01-01-01-04-04,01-01-01-04-09,SN,SN,200.0
1325,01-01-01-04-04,01-01-01-04-10,SN,SN,250.0
1326,01-01-01-04-05,01-01-01-01-01,SN,SN,406.95831490763703
1327,01-01-01-04-05,01-01-01-01-02,SN,SN,356.95831490763703
1328,01-01-01-04-05,01-01-01-01-03,SN,SN,306.958314907637
1329,01-01-01-04-05,01-01-01-01-04,SN,SN,256.958314907637
1330,01-01-01-04-05,01-01-01-01-05,SN,SN,206.95831490763698
1331,01-01-01-04-05,01-01-01-01-06,SN,SN,156.958314907637
1332,01-01-01-04-05,01-01-01-01-07,SN,SN,206.95831490763698
1333,01-01-01-04-05,01-01-01-01-08,SN,SN,256.958314907637
1334,01-01-01-04-05,01-01-01-01-09,SN,SN,306.958314907637
1335,01-01-01-04-05,01-01-01-01-10,SN,SN,356.95831490763703
1336,01-01-01-04-05,01-01-01-02-01,SN,SN,354.638876605091
1337,01-01-01-04-05,01-01-01-02-02,SN,SN,304.638876605091
1338,01-01-01-04-05,01-01-01-02-03,SN,SN,254.638876605091
1339,01-01-01-04-05,01-01-01-02-04,SN,SN,204.638876605091
1340,01-01-01-04-05,01-01-01-02-05,SN,SN,154.638876605091
1341,01-01-01-04-05,01-01-01-02-06,SN,SN,104.638876605091
1342,01-01-01-04-05,01-01-01-02-07,SN,SN,154.638876605091
1343,01-01-01-04-05,01-01-01-02-08,SN,SN,204.638876605091
1344,01-01-01-04-05,01-01-01-02-09,SN,SN,254.638876605091
1345,01-01-01-04-05,01-01-01-02-10,SN,SN,304.638876605091
1346,01-01-01-04-05,01-01-01-03-01,SN,SN,302.319438302546
1347,01-01-01-04-05,01-01-01-03-02,SN,SN,252.31943830254602
1348,01-01-01-04-05,01-01-01-03-03,SN,SN,202.31943830254602
1349,01-01-01-04-05,01-01-01-03-04,SN,SN,152.31943830254602
1350,01-01-01-04-05,01-01-01-03-05,SN,SN,102.319438302546
1351,01-01-01-04-05,01-01-01-03-06,SN,SN,52.319438302545606
1352,01-01-01-04-05,01-01-01-03-07,SN,SN,102.319438302546
1353,01-01-01-04-05,01-01-01-03-08,SN,SN,152.31943830254602
1354,01-01-01-04-05,01-01-01-03-09,SN,SN,202.31943830254602
1355,01-01-01-04-05,01-01-01-03-10,SN,SN,252.31943830254602
1356,01-01-01-04-05,01-01-01-04-01,SN,SN,250.0
1357,01-01-01-04-05,01-01-01-04-02,SN,SN,200.0
1358,01-01-01-04-05,01-01-01-04-03,SN,SN,150.0
1359,01-01-01-04-05,01-01-01-04-04,SN,SN,100.0
1360,01-01-01-04-05,01-01-01-04-06,SN,SN,0.0
1361,01-01-01-04-05,01-01-01-04-07,SN,SN,50.0
1362,01-01-01-04-05,01-01-01-04-08,SN,SN,100.0
1363,01-01-01-04-05,01-01-01-04-09,SN,SN,150.0
1364,01-01-01-04-05,01-01-01-04-10,SN,SN,200.0
1365,01-01-01-04-06,01-01-01-01-01,SN,SN,456.95831490763703
1366,01-01-01-04-06,01-01-01-01-02,SN,SN,406.95831490763703
1367,01-01-01-04-06,01-01-01-01-03,SN,SN,356.95831490763703
1368,01-01-01-04-06,01-01-01-01-04,SN,SN,306.958314907637
1369,01-01-01-04-06,01-01-01-01-05,SN,SN,256.958314907637
1370,01-01-01-04-06,01-01-01-01-06,SN,SN,206.95831490763698
1371,01-01-01-04-06,01-01-01-01-07,SN,SN,156.958314907637
1372,01-01-01-04-06,01-01-01-01-08,SN,SN,206.95831490763698
1373,01-01-01-04-06,01-01-01-01-09,SN,SN,256.958314907637
1374,01-01-01-04-06,01-01-01-01-10,SN,SN,306.958314907637
1375,01-01-01-04-06,01-01-01-02-01,SN,SN,404.638876605091
1376,01-01-01-04-06,01-01-01-02-02,SN,SN,354.638876605091
1377,01-01-01-04-06,01-01-01-02-03,SN,SN,304.638876605091
1378,01-01-01-04-06,01-01-01-02-04,SN,SN,254.638876605091
1379,01-01-01-04-06,01-01-01-02-05,SN,SN,204.638876605091
1380,01-01-01-04-06,01-01-01-02-06,SN,SN,154.638876605091
1381,01-01-01-04-06,01-01-01-02-07,SN,SN,104.638876605091
1382,01-01-01-04-06,01-01-01-02-08,SN,SN,154.638876605091
1383,01-01-01-04-06,01-01-01-02-09,SN,SN,204.638876605091
1384,01-01-01-04-06,01-01-01-02-10,SN,SN,254.638876605091
1385,01-01-01-04-06,01-01-01-03-01,SN,SN,352.319438302546
1386,01-01-01-04-06,01-01-01-03-02,SN,SN,302.319438302546
1387,01-01-01-04-06,01-01-01-03-03,SN,SN,252.31943830254602
1388,01-01-01-04-06,01-01-01-03-04,SN,SN,202.31943830254602
1389,01-01-01-04-06,01-01-01-03-05,SN,SN,152.31943830254602
1390,01-01-01-04-06,01-01-01-03-06,SN,SN,102.319438302546
1391,01-01-01-04-06,01-01-01-03-07,SN,SN,52.319438302545606
1392,01-01-01-04-06,01-01-01-03-08,SN,SN,102.319438302546
1393,01-01-01-04-06,01-01-01-03-09,SN,SN,152.31943830254602
1394,01-01-01-04-06,01-01-01-03-10,SN,SN,202.31943830254602
1395,01-01-01-04-06,01-01-01-04-01,SN,SN,300.0
1396,01-01-01-04-06,01-01-01-04-02,SN,SN,250.0
1397,01-01-01-04-06,01-01-01-04-03,SN,SN,200.0
1398,01-01-01-04-06,01-01-01-04-04,SN,SN,150.0
1399,01-01-01-04-06,01-01-01-04-05,SN,SN,100.0
1400,01-01-01-04-06,01-01-01-04-07,SN,SN,0.0
1401,01-01-01-04-06,01-01-01-04-08,SN,SN,50.0
1402,01-01-01-04-06,01-01-01-04-09,SN,SN,100.0
1403,01-01-01-04-06,01-01-01-04-10,SN,SN,150.0
1404,01-01-01-04-07,01-01-01-01-01,SN,SN,506.95831490763703
1405,01-01-01-04-07,01-01-01-01-02,SN,SN,456.95831490763703
1406,01-01-01-04-07,01-01-01-01-03,SN,SN,406.95831490763703
1407,01-01-01-04-07,01-01-01-01-04,SN,SN,356.95831490763703
1408,01-01-01-04-07,01-01-01-01-05,SN,SN,306.958314907637
1409,01-01-01-04-07,01-01-01-01-06,SN,SN,256.958314907637
1410,01-01-01-04-07,01-01-01-01-07,SN,SN,206.95831490763698
1411,01-01-01-04-07,01-01-01-01-08,SN,SN,156.958314907637
1412,01-01-01-04-07,01-01-01-01-09,SN,SN,206.95831490763698
1413,01-01-01-04-07,01-01-01-01-10,SN,SN,256.958314907637
1414,01-01-01-04-07,01-01-01-02-01,SN,SN,454.638876605091
1415,01-01-01-04-07,01-01-01-02-02,SN,SN,404.638876605091
1416,01-01-01-04-07,01-01-01-02-03,SN,SN,354.638876605091
1417,01-01-01-04-07,01-01-01-02-04,SN,SN,304.638876605091
1418,01-01-01-04-07,01-01-01-02-05,SN,SN,254.638876605091
1419,01-01-01-04-07,01-01-01-02-06,SN,SN,204.638876605091
1420,01-01-01-04-07,01-01-01-02-07,SN,SN,154.638876605091
1421,01-01-01-04-07,01-01-01-02-08,SN,SN,104.638876605091
1422,01-01-01-04-07,01-01-01-02-09,SN,SN,154.638876605091
1423,01-01-01-04-07,01-01-01-02-10,SN,SN,204.638876605091
1424,01-01-01-04-07,01-01-01-03-01,SN,SN,402.319438302546
1425,01-01-01-04-07,01-01-01-03-02,SN,SN,352.319438302546
1426,01-01-01-04-07,01-01-01-03-03,SN,SN,302.319438302546
1427,01-01-01-04-07,01-01-01-03-04,SN,SN,252.31943830254602
1428,01-01-01-04-07,01-01-01-03-05,SN,SN,202.31943830254602
1429,01-01-01-04-07,01-01-01-03-06,SN,SN,152.31943830254602
1430,01-01-01-04-07,01-01-01-03-07,SN,SN,102.319438302546
1431,01-01-01-04-07,01-01-01-03-08,SN,SN,52.319438302545606
1432,01-01-01-04-07,01-01-01-03-09,SN,SN,102.319438302546
1433,01-01-01-04-07,01-01-01-03-10,SN,SN,152.31943830254602
1434,01-01-01-04-07,01-01-01-04-01,SN,SN,350.0
1435,01-01-01-04-07,01-01-01-04-02,SN,SN,300.0
1436,01-01-01-04-07,01-01-01-04-03,SN,SN,250.0
1437,01-01-01-04-07,01-01-01-04-04,SN,SN,200.0
1438,01-01-01-04-07,01-01-01-04-05,SN,SN,150.0
1439,01-01-01-04-07,01-01-01-04-06,SN,SN,100.0
1440,01-01-01-04-07,01-01-01-04-08,SN,SN,0.0
1441,01-01-01-04-07,01-01-01-04-09,SN,SN,50.0
1442,01-01-01-04-07,01-01-01-04-10,SN,SN,100.0
1443,01-01-01-04-08,01-01-01-01-01,SN,SN,556.958314907637
1444,01-01-01-04-08,01-01-01-01-02,SN,SN,506.95831490763703
1445,01-01-01-04-08,01-01-01-01-03,SN,SN,456.95831490763703
1446,01-01-01-04-08,01-01-01-01-04,SN,SN,406.95831490763703
1447,01-01-01-04-08,01-01-01-01-05,SN,SN,356.95831490763703
1448,01-01-01-04-08,01-01-01-01-06,SN,SN,306.958314907637
1449,01-01-01-04-08,01-01-01-01-07,SN,SN,256.958314907637
1450,01-01-01-04-08,01-01-01-01-08,SN,SN,206.95831490763698
1451,01-01-01-04-08,01-01-01-01-09,SN,SN,156.958314907637
1452,01-01-01-04-08,01-01-01-01-10,SN,SN,206.95831490763698
1453,01-01-01-04-08,01-01-01-02-01,SN,SN,504.638876605091
1454,01-01-01-04-08,01-01-01-02-02,SN,SN,454.638876605091
1455,01-01-01-04-08,01-01-01-02-03,SN,SN,404.638876605091
1456,01-01-01-04-08,01-01-01-02-04,SN,SN,354.638876605091
1457,01-01-01-04-08,01-01-01-02-05,SN,SN,304.638876605091
1458,01-01-01-04-08,01-01-01-02-06,SN,SN,254.638876605091
1459,01-01-01-04-08,01-01-01-02-07,SN,SN,204.638876605091
1460,01-01-01-04-08,01-01-01-02-08,SN,SN,154.638876605091
1461,01-01-01-04-08,01-01-01-02-09,SN,SN,104.638876605091
1462,01-01-01-04-08,01-01-01-02-10,SN,SN,154.638876605091
1463,01-01-01-04-08,01-01-01-03-01,SN,SN,452.319438302546
1464,01-01-01-04-08,01-01-01-03-02,SN,SN,402.319438302546
1465,01-01-01-04-08,01-01-01-03-03,SN,SN,352.319438302546
1466,01-01-01-04-08,01-01-01-03-04,SN,SN,302.319438302546
1467,01-01-01-04-08,01-01-01-03-05,SN,SN,252.31943830254602
1468,01-01-01-04-08,01-01-01-03-06,SN,SN,202.31943830254602
1469,01-01-01-04-08,01-01-01-03-07,SN,SN,152.31943830254602
1470,01-01-01-04-08,01-01-01-03-08,SN,SN,102.319438302546
1471,01-01-01-04-08,01-01-01-03-09,SN,SN,52.319438302545606
1472,01-01-01-04-08,01-01-01-03-10,SN,SN,102.319438302546
1473,01-01-01-04-08,01-01-01-04-01,SN,SN,400.0
1474,01-01-01-04-08,01-01-01-04-02,SN,SN,350.0
1475,01-01-01-04-08,01-01-01-04-03,SN,SN,300.0
1476,01-01-01-04-08,01-01-01-04-04,SN,SN,250.0
1477,01-01-01-04-08,01-01-01-04-05,SN,SN,200.0
1478,01-01-01-04-08,01-01-01-04-06,SN,SN,150.0
1479,01-01-01-04-08,01-01-01-04-07,SN,SN,100.0
1480,01-01-01-04-08,01-01-01-04-09,SN,SN,0.0
1481,01-01-01-04-08,01-01-01-04-10,SN,SN,50.0
1482,01-01-01-04-09,01-01-01-01-01,SN,SN,606.958314907637
1483,01-01-01-04-09,01-01-01-01-02,SN,SN,556.958314907637
1484,01-01-01-04-09,01-01-01-01-03,SN,SN,506.95831490763703
1485,01-01-01-04-09,01-01-01-01-04,SN,SN,456.95831490763703
1486,01-01-01-04-09,01-01-01-01-05,SN,SN,406.95831490763703
1487,01-01-01-04-09,01-01-01-01-06,SN,SN,356.95831490763703
1488,01-01-01-04-09,01-01-01-01-07,SN,SN,306.958314907637
1489,01-01-01-04-09,01-01-01-01-08,SN,SN,256.958314907637
1490,01-01-01-04-09,01-01-01-01-09,SN,SN,206.95831490763698
1491,01-01-01-04-09,01-01-01-01-10,SN,SN,156.958314907637
1492,01-01-01-04-09,01-01-01-02-01,SN,SN,554.638876605091
1493,01-01-01-04-09,01-01-01-02-02,SN,SN,504.638876605091
1494,01-01-01-04-09,01-01-01-02-03,SN,SN,454.638876605091
1495,01-01-01-04-09,01-01-01-02-04,SN,SN,404.638876605091
1496,01-01-01-04-09,01-01-01-02-05,SN,SN,354.638876605091
1497,01-01-01-04-09,01-01-01-02-06,SN,SN,304.638876605091
1498,01-01-01-04-09,01-01-01-02-07,SN,SN,254.638876605091
1499,01-01-01-04-09,01-01-01-02-08,SN,SN,204.638876605091
1500,01-01-01-04-09,01-01-01-02-09,SN,SN,154.638876605091
1501,01-01-01-04-09,01-01-01-02-10,SN,SN,104.638876605091
1502,01-01-01-04-09,01-01-01-03-01,SN,SN,502.319438302546
1503,01-01-01-04-09,01-01-01-03-02,SN,SN,452.319438302546
1504,01-01-01-04-09,01-01-01-03-03,SN,SN,402.319438302546
1505,01-01-01-04-09,01-01-01-03-04,SN,SN,352.319438302546
1506,01-01-01-04-09,01-01-01-03-05,SN,SN,302.319438302546
1507,01-01-01-04-09,01-01-01-03-06,SN,SN,252.31943830254602
1508,01-01-01-04-09,01-01-01-03-07,SN,SN,202.31943830254602
1509,01-01-01-04-09,01-01-01-03-08,SN,SN,152.31943830254602
1510,01-01-01-04-09,01-01-01-03-09,SN,SN,102.319438302546
1511,01-01-01-04-09,01-01-01-03-10,SN,SN,52.319438302545606
1512,01-01-01-04-09,01-01-01-04-01,SN,SN,450.0
1513,01-01-01-04-09,01-01-01-04-02,SN,SN,400.0
1514,01-01-01-04-09,01-01-01-04-03,SN,SN,350.0
1515,01-01-01-04-09,01-01-01-04-04,SN,SN,300.0
1516,01-01-01-04-09,01-01-01-04-05,SN,SN,250.0
1517,01-01-01-04-09,01-01-01-04-06,SN,SN,200.0
1518,01-01-01-04-09,01-01-01-04-07,SN,SN,150.0
1519,01-01-01-04-09,01-01-01-04-08,SN,SN,100.0
1520,01-01-01-04-09,01-01-01-04-10,SN,SN,0.0
1521,01-01-01-04-10,01-01-01-01-01,SN,SN,656.958314907637
1522,01-01-01-04-10,01-01-01-01-02,SN,SN,606.958314907637
1523,01-01-01-04-10,01-01-01-01-03,SN,SN,556.958314907637
1524,01-01-01-04-10,01-01-01-01-04,SN,SN,506.95831490763703
1525,01-01-01-04-10,01-01-01-01-05,SN,SN,456.95831490763703
1526,01-01-01-04-10,01-01-01-01-06,SN,SN,406.95831490763703
1527,01-01-01-04-10,01-01-01-01-07,SN,SN,356.95831490763703
1528,01-01-01-04-10,01-01-01-01-08,SN,SN,306.958314907637
1529,01-01-01-04-10,01-01-01-01-09,SN,SN,256.958314907637
1530,01-01-01-04-10,01-01-01-01-10,SN,SN,206.95831490763698
1531,01-01-01-04-10,01-01-01-02-01,SN,SN,604.638876605091
1532,01-01-01-04-10,01-01-01-02-02,SN,SN,554.638876605091
1533,01-01-01-04-10,01-01-01-02-03,SN,SN,504.638876605091
1534,01-01-01-04-10,01-01-01-02-04,SN,SN,454.638876605091
1535,01-01-01-04-10,01-01-01-02-05,SN,SN,404.638876605091
1536,01-01-01-04-10,01-01-01-02-06,SN,SN,354.638876605091
1537,01-01-01-04-10,01-01-01-02-07,SN,SN,304.638876605091
1538,01-01-01-04-10,01-01-01-02-08,SN,SN,254.638876605091
1539,01-01-01-04-10,01-01-01-02-09,SN,SN,204.638876605091
1540,01-01-01-04-10,01-01-01-02-10,SN,SN,154.638876605091
1541,01-01-01-04-10,01-01-01-03-01,SN,SN,552.319438302546
1542,01-01-01-04-10,01-01-01-03-02,SN,SN,502.319438302546
1543,01-01-01-04-10,01-01-01-03-03,SN,SN,452.319438302546
1544,01-01-01-04-10,01-01-01-03-04,SN,SN,402.319438302546
1545,01-01-01-04-10,01-01-01-03-05,SN,SN,352.319438302546
1546,01-01-01-04-10,01-01-01-03-06,SN,SN,302.319438302546
1547,01-01-01-04-10,01-01-01-03-07,SN,SN,252.31943830254602
1548,01-01-01-04-10,01-01-01-03-08,SN,SN,202.31943830254602
1549,01-01-01-04-10,01-01-01-03-09,SN,SN,152.31943830254602
1550,01-01-01-04-10,01-01-01-03-10,SN,SN,102.319438302546
1551,01-01-01-04-10,01-01-01-04-01,SN,SN,500.0
1552,01-01-01-04-10,01-01-01-04-02,SN,SN,450.0
1553,01-01-01-04-10,01-01-01-04-03,SN,SN,400.0
1554,01-01-01-04-10,01-01-01-04-04,SN,SN,350.0
1555,01-01-01-04-10,01-01-01-04-05,SN,SN,300.0
1556,01-01-01-04-10,01-01-01-04-06,SN,SN,250.0
1557,01-01-01-04-10,01-01-01-04-07,SN,SN,200.0
1558,01-01-01-04-10,01-01-01-04-08,SN,SN,150.0
1559,01-01-01-04-10,01-01-01-04-09,SN,SN,100.0
